,pay_stay_zone,street,between_street_1,between_street_2,street_segment_id,db_read_time
0,30001001,ARGYLE PLACE SOUTH,LYGON STREET,CARDIGAN STREET,20751,2021-08-02 22:24:15.486916
1,30001002,BARRY STREET,LEICESTER STREET,PELHAM STREET,20476,2021-08-02 22:24:15.486916
2,30001003,BARRY STREET,PELHAM STREET,LEICESTER STREET,20476,2021-08-02 22:24:15.486916
3,30001005,BARRY STREET,GRATTAN STREET,PELHAM STREET,20480,2021-08-02 22:24:15.486916
4,30001006,BARRY STREET,PELHAM STREET,GRATTAN STREET,20480,2021-08-02 22:24:15.486916
5,30001007,BARRY STREET,PELHAM STREET,LEICESTER STREET,20476,2021-08-02 22:24:15.486916
6,30001008,BARRY STREET,LEICESTER STREET,PELHAM STREET,20476,2021-08-02 22:24:15.486916
7,30001009,BERKELEY STREET,GRATTAN STREET,PELHAM STREET,20474,2021-08-02 22:24:15.486916
8,30001010,BERKELEY STREET,LEICESTER STREET,QUEENSBERRY STREET,20456,2021-08-02 22:24:15.486916
9,30001012,BERKELEY STREET,PELHAM STREET,QUEENSBERRY STREET,20472,2021-08-02 22:24:15.486916
10,30001014,BOUVERIE STREET,GRATTAN STREET,LINCOLN SQUARE NORTH,20468,2021-08-02 22:24:15.486916
11,30001015,BOUVERIE STREET,LINCOLN SQUARE SOUTH,PELHAM STREET,22503,2021-08-02 22:24:15.486916
12,30001016,BOUVERIE STREET,LINCOLN SQUARE NORTH,GRATTAN STREET,20468,2021-08-02 22:24:15.486916
13,30001015,BOUVERIE STREET,LINCOLN SQUARE NORTH,PELHAM STREET,22504,2021-08-02 22:24:15.486916
14,30001015,BOUVERIE STREET,QUEENSBERRY STREET,LINCOLN SQUARE SOUTH,20464,2021-08-02 22:24:15.486916
15,30001019,BOUVERIE STREET,QUEENSBERRY STREET,VICTORIA STREET,20462,2021-08-02 22:24:15.486916
16,30001020,BOUVERIE STREET,LINCOLN SQUARE SOUTH,QUEENSBERRY STREET,20464,2021-08-02 22:24:15.486916
17,30001021,BOUVERIE STREET,QUEENSBERRY STREET,LINCOLN SQUARE SOUTH,20464,2021-08-02 22:24:15.486916
18,30001022,BOUVERIE STREET,QUEENSBERRY STREET,VICTORIA STREET,20462,2021-08-02 22:24:15.486916
19,30001023,LEICESTER STREET,VICTORIA STREET,BERKELEY STREET,20453,2021-08-02 22:24:15.486916
20,30001023,LEICESTER STREET,BERKELEY STREET,QUEENSBERRY STREET,20455,2021-08-02 22:24:15.486916
21,30001024,BOUVERIE STREET,VICTORIA STREET,QUEENSBERRY STREET,20462,2021-08-02 22:24:15.486916
22,30001025,BOUVERIE STREET,VICTORIA STREET,QUEENSBERRY STREET,20462,2021-08-02 22:24:15.486916
23,30001026,BOUVERIE STREET,VICTORIA STREET,QUEENSBERRY STREET,20462,2021-08-02 22:24:15.486916
24,30001027,BOUVERIE STREET,QUEENSBERRY STREET,VICTORIA STREET,20462,2021-08-02 22:24:15.486916
25,30001028,CARDIGAN STREET,ARGYLE PLACE NORTH,GRATTAN STREET,20512,2021-08-02 22:24:15.486916
26,30001029,CARDIGAN STREET,GRATTAN STREET,ARGYLE PLACE NORTH,20512,2021-08-02 22:24:15.486916
27,30001030,CARDIGAN STREET,ARGYLE PLACE SOUTH,PELHAM STREET,20508,2021-08-02 22:24:15.486916
28,30001031,CARDIGAN STREET,PELHAM STREET,ARGYLE PLACE SOUTH,20508,2021-08-02 22:24:15.486916
29,30001031,CARDIGAN STREET,ARGYLE PLACE NORTH,PELHAM STREET,20509,2021-08-02 22:24:15.486916
30,30001033,CARDIGAN STREET,ARGYLE PLACE NORTH,PELHAM STREET,20509,2021-08-02 22:24:15.486916
31,30001034,CARDIGAN STREET,FARADAY STREET,GRATTAN STREET,20514,2021-08-02 22:24:15.486916
32,30001035,CARDIGAN STREET,QUEENSBERRY STREET,VICTORIA STREET,20504,2021-08-02 22:24:15.486916
33,30001036,CARDIGAN STREET,GRATTAN STREET,FARADAY STREET,20514,2021-08-02 22:24:15.486916
34,30001040,CARDIGAN STREET,ARGYLE PLACE SOUTH,QUEENSBERRY STREET,20506,2021-08-02 22:24:15.486916
35,30001041,CARDIGAN STREET,QUEENSBERRY STREET,ARGYLE PLACE SOUTH,20506,2021-08-02 22:24:15.486916
36,30001042,CARDIGAN STREET,VICTORIA STREET,QUEENSBERRY STREET,20504,2021-08-02 22:24:15.486916
37,30001043,CARDIGAN STREET,VICTORIA STREET,QUEENSBERRY STREET,20504,2021-08-02 22:24:15.486916
38,30001044,CEMETERY ROAD EAST,CARDIGAN STREET ,LYGON STREET,15514,2021-08-02 22:24:15.486916
39,30001044,CEMETERY ROAD EAST ,CARDIGAN STREET ,SWANSTON STREET,15500,2021-08-02 22:24:15.486916
40,30001045,FARADAY STREET,SWANSTON STREET,CARDIGAN STREET,20812,2021-08-02 22:24:15.486916
41,30001046,GRATTAN STREET,BOUVERIE STREET,LEICESTER STREET,20848,2021-08-02 22:24:15.486916
42,30001047,GRATTAN STREET,SWANSTON STREET,CARDIGAN STREET,22506,2021-08-02 22:24:15.486916
43,30001048,GRATTAN STREET,CARDIGAN STREET,LYGON STREET,20757,2021-08-02 22:24:15.486916
44,30001049,KAY STREET,CANNING STREET,RATHDOWNE STREET,20573,2021-08-02 22:24:15.486916
45,30001050,LEICESTER STREET,BERKELEY STREET,QUEENSBERRY STREET,20455,2021-08-02 22:24:15.486916
46,30001051,LEICESTER STREET,GRATTAN STREET,PELHAM STREET,20460,2021-08-02 22:24:15.486916
47,30001052,LEICESTER STREET,GRATTAN STREET,PELHAM STREET,20460,2021-08-02 22:24:15.486916
48,30001053,KAY STREET,CANNING STREET,RATHDOWNE STREET,20573,2021-08-02 22:24:15.486916
49,30001054,LEICESTER STREET,GRATTAN STREET,PELHAM STREET,20460,2021-08-02 22:24:15.486916
50,30001055,LEICESTER STREET,PELHAM STREET,QUEENSBERRY STREET,20458,2021-08-02 22:24:15.486916
51,30001056,LEICESTER STREET,PELHAM STREET,QUEENSBERRY STREET,20458,2021-08-02 22:24:15.486916
52,30001057,LEICESTER STREET,PELHAM STREET,QUEENSBERRY STREET,20458,2021-08-02 22:24:15.486916
53,30001058,LEICESTER STREET,PELHAM STREET,QUEENSBERRY STREET,20458,2021-08-02 22:24:15.486916
54,30001059,LINCOLN SQUARE SOUTH,SWANSTON STREET,BOUVERIE STREET,20838,2021-08-02 22:24:15.486916
55,30001060,LINCOLN SQUARE NORTH,SWANSTON STREET,BOUVERIE STREET,20839,2021-08-02 22:24:15.486916
56,30001061,LINCOLN SQUARE NORTH,SWANSTON STREET,BOUVERIE STREET,20839,2021-08-02 22:24:15.486916
57,30001062,LINCOLN SQUARE SOUTH,BOUVERIE STREET,SWANSTON STREET,20838,2021-08-02 22:24:15.486916
58,30001064,LINCOLN SQUARE SOUTH,BOUVERIE STREET,SWANSTON STREET,20838,2021-08-02 22:24:15.486916
59,30001065,LYGON STREET,ARGYLE PLACE NORTH,PELHAM STREET,20528,2021-08-02 22:24:15.486916
60,30001066,LYGON STREET,QUEENSBERRY STREET,ARGYLE PLACE SOUTH,20524,2021-08-02 22:24:15.486916
61,30001067,LYGON STREET ,ARGYLE SQUARE NORTH,ARGYLE SQUARE SOUTH,15511,2021-08-02 22:24:15.486916
62,30001068,LYGON STREET,FARADAY STREET,ELGIN STREET,20534,2021-08-02 22:24:15.486916
63,30001069,LYGON STREET,GRATTAN STREET,FARADAY STREET,20532,2021-08-02 22:24:15.486916
64,30001070,SPRING STREET,COLLINS STREET,FLINDERS LANE,20198,2021-08-02 22:24:15.486916
65,30001071,LYGON STREET,PELHAM STREET,ARGYLE PLACE SOUTH,20526,2021-08-02 22:24:15.486916
66,30001072,LYGON STREET,GRATTAN STREET,ARGYLE PLACE NORTH,20530,2021-08-02 22:24:15.486916
67,30001072,LYGON STREET ,PELHAM STREET,GRATTAN STREET,15512,2021-08-02 22:24:15.486916
68,30001073,LYGON STREET,PALMERSTON STREET,ELGIN STREET,20536,2021-08-02 22:24:15.486916
69,30001074,LYGON STREET,PRINCES STREET,LYTTON STREET,20540,2021-08-02 22:24:15.486916
70,30001075,LYGON STREET ,QUEENSBERRY STREET ,PELHAM STREET,15510,2021-08-02 22:24:15.486916
71,30001076,LYGON STREET,QUEENSBERRY STREET,VICTORIA STREET,20522,2021-08-02 22:24:15.486916
72,30001077,LYTTON STREET,LYGON STREET,CARDIGAN STREET,20771,2021-08-02 22:24:15.486916
73,30001078,MACARTHUR PLACE NORTH,RATHDOWNE STREET,CANNING STREET,20670,2021-08-02 22:24:15.486916
74,30001079,MACARTHUR PLACE SOUTH,CANNING STREET,RATHDOWNE STREET,20671,2021-08-02 22:24:15.486916
75,30001081,NICHOLSON STREET,VICTORIA STREET,CARLTON STREET,22501,2021-08-02 22:24:15.486916
76,30001082,NICHOLSON STREET,CARLTON STREET,VICTORIA STREET,22501,2021-08-02 22:24:15.486916
77,30001083,PELHAM STREET,BARRY STREET,BERKELEY STREET,20477,2021-08-02 22:24:15.486916
78,30001084,PELHAM STREET,BOUVERIE STREET,LEICESTER STREET,20873,2021-08-02 22:24:15.486916
79,30001085,PELHAM STREET,CARDIGAN STREET,SWANSTON STREET,20806,2021-08-02 22:24:15.486916
80,30001086,PELHAM STREET,SWANSTON STREET,CARDIGAN STREET,20806,2021-08-02 22:24:15.486916
81,30001087,PELHAM STREET,CARDIGAN STREET,SWANSTON STREET,20806,2021-08-02 22:24:15.486916
82,30001088,PELHAM STREET,CARDIGAN STREET,SWANSTON STREET,20806,2021-08-02 22:24:15.486916
83,30001089,PELHAM STREET,DRUMMOND STREET,LYGON STREET,21557,2021-08-02 22:24:15.486916
84,30001090,PELHAM STREET,DRUMMOND STREET,RATHDOWNE STREET,21556,2021-08-02 22:24:15.486916
85,30001091,PELHAM STREET,LEICESTER STREET,BARRY STREET,20479,2021-08-02 22:24:15.486916
86,30001092,PELHAM STREET,RATHDOWNE STREET,DRUMMOND STREET,21556,2021-08-02 22:24:15.486916
87,30001093,QUEENSBERRY STREET,BOUVERIE STREET,LEICESTER STREET,20868,2021-08-02 22:24:15.486916
88,30001094,QUEENSBERRY STREET,LYGON STREET,CARDIGAN STREET,22499,2021-08-02 22:24:15.486916
89,30001095,QUEENSBERRY STREET,SWANSTON STREET,CARDIGAN STREET,22500,2021-08-02 22:24:15.486916
90,30001096,QUEENSBERRY STREET,CARDIGAN STREET,SWANSTON STREET,22500,2021-08-02 22:24:15.486916
91,30001097,QUEENSBERRY STREET,LYGON STREET,DRUMMOND STREET,22498,2021-08-02 22:24:15.486916
92,30001098,QUEENSBERRY STREET,DRUMMOND STREET,LYGON STREET,22498,2021-08-02 22:24:15.486916
93,30001099,QUEENSBERRY STREET,BERKELEY STREET,ELIZABETH STREET,20864,2021-08-02 22:24:15.486916
94,30001100,QUEENSBERRY STREET,RATHDOWNE STREET,DRUMMOND STREET,22497,2021-08-02 22:24:15.486916
95,30001101,QUEENSBERRY STREET,LEICESTER STREET,BERKELEY STREET,20471,2021-08-02 22:24:15.486916
96,30001102,QUEENSBERRY STREET,BOUVERIE STREET,LEICESTER STREET,20868,2021-08-02 22:24:15.486916
97,30001103,QUEENSBERRY STREET,LEICESTER STREET,BOUVERIE STREET,20868,2021-08-02 22:24:15.486916
98,30001104,QUEENSBERRY STREET,CARDIGAN STREET,LYGON STREET,22499,2021-08-02 22:24:15.486916
99,30001105,QUEENSBERRY STREET,CARDIGAN STREET,LYGON STREET,22499,2021-08-02 22:24:15.486916
100,30001106,QUEENSBERRY STREET,LYGON STREET,DRUMMOND STREET,22498,2021-08-02 22:24:15.486916
101,30001107,QUEENSBERRY STREET,RATHDOWNE STREET,DRUMMOND STREET,22497,2021-08-02 22:24:15.486916
102,30001108,QUEENSBERRY STREET,DRUMMOND STREET,RATHDOWNE STREET,22497,2021-08-02 22:24:15.486916
103,30001109,QUEENSBERRY STREET,SWANSTON STREET,BOUVERIE STREET,20829,2021-08-02 22:24:15.486916
104,30001110,QUEENSBERRY STREET,BOUVERIE STREET,SWANSTON STREET,20829,2021-08-02 22:24:15.486916
105,30001111,QUEENSBERRY STREET,SWANSTON STREET,CARDIGAN STREET,22500,2021-08-02 22:24:15.486916
106,30001112,RATHDOWNE STREET,PELHAM STREET,GRATTAN STREET,20558,2021-08-02 22:24:15.486916
107,30001113,RATHDOWNE STREET,PELHAM STREET,QUEENSBERRY STREET,20556,2021-08-02 22:24:15.486916
108,30001114,RATHDOWNE STREET,GRATTAN STREET,PELHAM STREET,20558,2021-08-02 22:24:15.486916
109,30001115,RATHDOWNE STREET,VICTORIA STREET,QUEENSBERRY STREET,20554,2021-08-02 22:24:15.486916
110,30001116,RATHDOWNE STREET,QUEENSBERRY STREET,VICTORIA STREET,20554,2021-08-02 22:24:15.486916
111,30001117,SWANSTON STREET,ELGIN STREET,COLLEGE CRESCENT,20494,2021-08-02 22:24:15.486916
112,30001118,SWANSTON STREET,GRATTAN STREET,LINCOLN SQUARE NORTH,20488,2021-08-02 22:24:15.486916
113,30001119,SWANSTON STREET,LINCOLN SQUARE NORTH,GRATTAN STREET,20488,2021-08-02 22:24:15.486916
114,30001120,SWANSTON STREET,LINCOLN SQUARE SOUTH,PELHAM STREET,20485,2021-08-02 22:24:15.486916
115,30001121,SWANSTON STREET,LINCOLN SQUARE SOUTH,QUEENSBERRY STREET,20484,2021-08-02 22:24:15.486916
116,30001122,SWANSTON STREET,QUEENSBERRY STREET,VICTORIA STREET,20482,2021-08-02 22:24:15.486916
117,30001124,VICTORIA STREET,ELIZABETH STREET,BOUVERIE STREET,21625,2021-08-02 22:24:15.486916
118,30001125,VICTORIA STREET,LYGON STREET,CARDIGAN STREET,21605,2021-08-02 22:24:15.486916
119,30001126,VICTORIA STREET,CARDIGAN STREET,LYGON STREET,21605,2021-08-02 22:24:15.486916
120,30001127,VICTORIA STREET,LYGON STREET,DRUMMOND STREET,21603,2021-08-02 22:24:15.486916
121,30001128,VICTORIA STREET,DRUMMOND STREET,RATHDOWNE STREET,21601,2021-08-02 22:24:15.486916
122,30001132,VICTORIA PARADE,NICHOLSON STREET,SPRING STREET,21596,2021-08-02 22:24:15.486916
123,30001133,VICTORIA STREET,RATHDOWNE STREET,DRUMMOND STREET,21601,2021-08-02 22:24:15.486916
124,30001134,VICTORIA STREET,SWANSTON STREET,CARDIGAN STREET,21607,2021-08-02 22:24:15.486916
125,30001135,VICTORIA STREET,SWANSTON STREET,BOUVERIE STREET,21623,2021-08-02 22:24:15.486916
126,30001136,ARGYLE PLACE SOUTH,LYGON STREET,CARDIGAN STREET,20751,2021-08-02 22:24:15.486916
127,30001137,BOWEN CRESCENT,GARTON STREET,PARK STREET,22396,2021-08-02 22:24:15.486916
128,30001138,BOWEN CRESCENT,PARK STREET,GARTON STREET,22396,2021-08-02 22:24:15.486916
129,30001140,CEMETERY ROAD WEST,COLLEGE CRESCENT,ROYAL PARADE,22375,2021-08-02 22:24:15.486916
130,30001141,CEMETERY ROAD,SWANSTON STREET,ROYAL PARADE,22373,2021-08-02 22:24:15.486916
131,30001142,CEMETERY ROAD EAST,COLLEGE CRESCENT,LYGON STREET,20773,2021-08-02 22:24:15.486916
132,30001143,GARTON STREET,MACPHERSON STREET,BOWEN CRESCENT,22511,2021-08-02 22:24:15.486916
133,30001146,LYGON STREET,PRINCES STREET,MACPHERSON STREET,22508,2021-08-02 22:24:15.486916
134,30001147,LYGON STREET ,MACPHERSON STREET,PRINCES STREET,22508,2021-08-02 22:24:15.486916
135,30001148,PARK STREET,ROYAL PARADE,BOWEN CRESCENT,22395,2021-08-02 22:24:15.486916
136,30001149,PRINCES PARK DRIVE,CEMETERY ROAD WEST,MACPHERSON STREET,22512,2021-08-02 22:24:15.486916
137,30001150,ROYAL PARADE,IEVERS STREET,WALKER STREET,22387,2021-08-02 22:24:15.486916
138,30001151,ROYAL PARADE,MACARTHUR ROAD,LEONARD STREET,22434,2021-08-02 22:24:15.486916
139,30001152,ROYAL PARADE,IEVERS STREET,PARK STREET,22393,2021-08-02 22:24:15.486916
140,30001153,ROYAL PARADE,LEONARD STREET,WALKER STREET,22435,2021-08-02 22:24:15.486916
141,30001154,ADDERLEY STREET,LA TROBE STREET,JEFFCOTT STREET,21504,2021-08-02 22:24:15.486916
142,30001156,AQUITANIA WAY,CARAVEL LANE,NEWQUAY PROMENADE,22787,2021-08-02 22:24:15.486916
143,30001157,AQUITANIA WAY,CARAVEL LANE,DOCKLANDS DRIVE,22786,2021-08-02 22:24:15.486916
144,30001158,AUGUSTA AVENUE,PEARL RIVER ROAD,WATTLE ROAD,23275,2021-08-02 22:24:15.486916
145,30001159,AURORA LANE,BOURKE STREET,COLLINS STREET,22822,2021-08-02 22:24:15.486916
146,30001160,AURORA LANE,COLLINS STREET,BOURKE STREET,22822,2021-08-02 22:24:15.486916
147,30001161,AURORA LANE,COLLINS STREET,WURUNDJERI WAY,22899,2021-08-02 22:24:15.486916
148,30001162,AURORA LANE,WURUNDJERI WAY,COLLINS STREET,22899,2021-08-02 22:24:15.486916
149,30001163,BATMANS HILL DRIVE,BOURKE STREET,COLLINS STREET,22802,2021-08-02 22:24:15.486916
150,30001164,BOURKE STREET,HARBOUR ESPLANADE,ENTERPRIZE WAY,22801,2021-08-02 22:24:15.486916
151,30001165,BOURKE STREET,WURUNDJERI WAY,HARBOUR ESPLANADE,22553,2021-08-02 22:24:15.486916
152,30001166,BOURKE STREET,HARBOUR ESPLANADE,ENTERPRIZE WAY,22801,2021-08-02 22:24:15.486916
153,30001167,BOURKE STREET,CUMBERLAND STREET,COLLINS STREET,23293,2021-08-02 22:24:15.486916
154,30001168,BOURKE STREET,ENTERPRIZE WAY,HARBOUR ESPLANADE,22801,2021-08-02 22:24:15.486916
155,30001170,BOURKE STREET,CUMBERLAND STREET,ENTERPRIZE WAY,22913,2021-08-02 22:24:15.486916
156,30001171,BOURKE STREET,HARBOUR ESPLANADE,ENTERPRIZE WAY,22801,2021-08-02 22:24:15.486916
157,30001172,BOURKE STREET,ENTERPRIZE WAY,CUMBERLAND STREET,22913,2021-08-02 22:24:15.486916
158,30001173,BOURKE STREET,HARBOUR ESPLANADE,ENTERPRIZE WAY,22801,2021-08-02 22:24:15.486916
159,30001174,BOURKE STREET,ENTERPRIZE WAY,HARBOUR ESPLANADE,22801,2021-08-02 22:24:15.486916
160,30001176,BOURKE STREET,CUMBERLAND STREET,ENTERPRIZE WAY,22913,2021-08-02 22:24:15.486916
161,30001177,BOURKE STREET,ENTERPRIZE WAY,CUMBERLAND STREET,22913,2021-08-02 22:24:15.486916
162,30001178,BOURKE STREET,CUMBERLAND STREET,ENTERPRIZE WAY,22913,2021-08-02 22:24:15.486916
163,30001179,BOURKE STREET,ENTERPRIZE WAY,CUMBERLAND STREET,22913,2021-08-02 22:24:15.486916
164,30001181,BOURKE STREET,HARBOUR ESPLANADE,WURUNDJERI WAY,22553,2021-08-02 22:24:15.486916
165,30001183,COLLINS STREET,SPENCER STREET,BATMANS HILL DRIVE,22819,2021-08-02 22:24:15.486916
166,30001184,COLLINS STREET,HARBOUR ESPLANADE,NAVIGATION DRIVE,23308,2021-08-02 22:24:15.486916
167,30001185,COLLINS STREET,NAVIGATION DRIVE,MERCHANT STREET,22956,2021-08-02 22:24:15.486916
168,30001186,COLLINS STREET,MERCHANT STREET,SEAFARER LANE,23311,2021-08-02 22:24:15.486916
169,30001187,COLLINS STREET,SEAFARER LANE,MERCHANT STREET,23311,2021-08-02 22:24:15.486916
170,30001188,COLLINS STREET,BATMANS HILL DRIVE,HARBOUR ESPLANADE,22906,2021-08-02 22:24:15.486916
171,30001189,COLLINS STREET,SPENCER STREET,BATMANS HILL DRIVE,22819,2021-08-02 22:24:15.486916
172,30001190,CUMBERLAND STREET,BOURKE STREET,VICTORIA HARBOUR PROMENADE,22914,2021-08-02 22:24:15.486916
173,30001191,DOCKLANDS DRIVE,SAINT MANGOS LANE,WATERFRONT WAY,23252,2021-08-02 22:24:15.486916
174,30001192,DOCKLANDS DRIVE,PEARL RIVER ROAD,WESTERN LINK ROAD,23256,2021-08-02 22:24:15.486916
175,30001193,DOEPEL WAY,DOCKLANDS DRIVE,NEWQUAY PROMENADE,22855,2021-08-02 22:24:15.486916
176,30001194,ENTERPRIZE WAY,BOURKE STREET,WATERFRONT WAY,22898,2021-08-02 22:24:15.486916
177,30001196,FISHPLATE LANE,BATMANS HILL DRIVE,VILLAGE STREET,22942,2021-08-02 22:24:15.486916
178,30001197,GEOGRAPHE STREET,BOURKE STREET,KEERA WAY,23032,2021-08-02 22:24:15.486916
179,30001198,GEOGRAPHE STREET,KEERA WAY,BOURKE STREET,23032,2021-08-02 22:24:15.486916
180,30001199,GEOGRAPHE STREET,BOURKE STREET,KEERA WAY,23032,2021-08-02 22:24:15.486916
181,30001200,GEORGIANA STREET,MCCRAE STREET,COLLINS STREET,22896,2021-08-02 22:24:15.486916
182,30001201,GRATTAN STREET,CARDIGAN STREET,SWANSTON STREET,22506,2021-08-02 22:24:15.486916
183,30001202,HARBOUR ESPLANADE,COLLINS STREET,BOURKE STREET,22448,2021-08-02 22:24:15.486916
184,30001203,HARBOUR ESPLANADE,COLLINS STREET,NORTH WHARF ROAD,22954,2021-08-02 22:24:15.486916
185,30001204,HARBOUR ESPLANADE,NORTH WHARF ROAD,COLLINS STREET,22954,2021-08-02 22:24:15.486916
186,30001205,HARBOUR ESPLANADE,LA TROBE STREET,BOURKE STREET,22452,2021-08-02 22:24:15.486916
187,30001206,FRANKLIN STREET,ELIZABETH STREET,QUEEN STREET,21634,2021-08-02 22:24:15.486916
188,30001207,IMPORT LANE,BOURKE STREET,COLLINS STREET,23062,2021-08-02 22:24:15.486916
189,30001208,KARLSRUHE LANE,COLLINS STREET,KEERA WAY,23246,2021-08-02 22:24:15.486916
190,30001209,LEVEN AVENUE,PEARL RIVER ROAD,WATTLE ROAD,23277,2021-08-02 22:24:15.486916
191,30001211,MCCRAE STREET,WURUNDJERI WAY,BATMANS HILL DRIVE,22862,2021-08-02 22:24:15.486916
192,30001212,MERCHANT STREET,BOURKE STREET,VICTORIA HARBOUR PROMENADE,22915,2021-08-02 22:24:15.486916
193,30001213,MERCHANT STREET,BOURKE STREET,COLLINS STREET,23151,2021-08-02 22:24:15.486916
194,30001214,NAVIGATION DRIVE,BOURKE STREET,COLLINS STREET,23033,2021-08-02 22:24:15.486916
195,30001215,NAVIGATION DRIVE,COLLINS STREET,HARBOUR ESPLANADE,23236,2021-08-02 22:24:15.486916
196,30001216,NAVIGATION DRIVE,COLLINS STREET,BOURKE STREET,23033,2021-08-02 22:24:15.486916
197,30001217,PEARL RIVER ROAD,DOCKLANDS DRIVE,VICTORIA HARBOUR,22908,2021-08-02 22:24:15.486916
198,30001218,PEARL RIVER ROAD,VICTORIA HARBOUR,DOCKLANDS DRIVE,22908,2021-08-02 22:24:15.486916
199,30001219,SIDDELEY STREET,SPENCER STREET,WURUNDJERI WAY,22445,2021-08-02 22:24:15.486916
200,30001220,PEARL RIVER ROAD,FOOTSCRAY ROAD,DOCKLANDS DRIVE,23224,2021-08-02 22:24:15.486916
201,30001221,POINT PARK CRESCENT,LORIMER STREET,SOUTH WHARF DRIVE,22951,2021-08-02 22:24:15.486916
202,30001222,SEAFARER LANE,BOURKE STREET,,23063,2021-08-02 22:24:15.486916
203,30001223,SIDDELEY STREET,SPENCER STREET,WURUNDJERI WAY,22445,2021-08-02 22:24:15.486916
204,30001224,SPENCER STREET,FLINDERS STREET,FLINDERS LANE,20067,2021-08-02 22:24:15.486916
205,30001226,SAINT MANGOS LANE NORTH,DOCKLANDS DRIVE,,23267,2021-08-02 22:24:15.486916
206,30001227,VILLAGE STREET,COLLINS STREET,BOURKE STREET,22941,2021-08-02 22:24:15.486916
207,30001228,VILLAGE STREET,BOURKE STREET,COLLINS STREET,22941,2021-08-02 22:24:15.486916
208,30001229,VILLAGE STREET,MCCRAE STREET,COLLINS STREET,22894,2021-08-02 22:24:15.486916
209,30001230,VILLAGE STREET,COLLINS STREET,MCCRAE STREET,22894,2021-08-02 22:24:15.486916
210,30001231,WATERFRONT WAY,FOOTSCRAY ROAD,DOCKLANDS DRIVE,23225,2021-08-02 22:24:15.486916
211,30001232,WATERFRONT WAY,DOCKLANDS DRIVE,FOOTSCRAY ROAD,23225,2021-08-02 22:24:15.486916
212,30001233,WATTLE ROAD,DOCKLANDS DRIVE,NEWQUAY PROMENADE,23274,2021-08-02 22:24:15.486916
213,30001234,ALBERT STREET,CLARENDON STREET,EADES STREET,20898,2021-08-02 22:24:15.486916
214,30001235,ALBERT STREET,EADES STREET,CLARENDON STREET,20898,2021-08-02 22:24:15.486916
215,30001236,ALBERT STREET,GISBORNE STREET,MORRISON PLACE,22619,2021-08-02 22:24:15.486916
216,30001236,ALBERT STREET,MORRISON PLACE,LANSDOWNE STREET,20891,2021-08-02 22:24:15.486916
217,30001236,ALBERT STREET,EADES STREET,LANSDOWNE STREET,20893,2021-08-02 22:24:15.486916
218,30001237,ALBERT STREET,CLARENDON STREET,EADES STREET,20898,2021-08-02 22:24:15.486916
219,30001238,ALBERT STREET,POWLETT STREET,CLARENDON STREET,21587,2021-08-02 22:24:15.486916
220,30001239,ALBERT STREET,LANSDOWNE STREET,EADES STREET,20893,2021-08-02 22:24:15.486916
221,30001240,LA TROBE STREET,Wurundjeri Way,Harbour Esplanade,22549,2021-08-02 22:24:15.486916
222,30001241,ALBERT STREET,HODDLE STREET,SIMPSON STREET,21573,2021-08-02 22:24:15.486916
223,30001242,ALBERT STREET,SIMPSON STREET,HODDLE STREET,21573,2021-08-02 22:24:15.486916
224,30001244,ALBERT STREET,NICHOLSON STREET,GISBORNE STREET,20889,2021-08-02 22:24:15.486916
225,30001245,ALBERT STREET,SPRING STREET,NICHOLSON STREET,20886,2021-08-02 22:24:15.486916
226,30001245,ALBERT STREET,GISBORNE STREET,NICHOLSON STREET,20889,2021-08-02 22:24:15.486916
227,30001246,ALBERT STREET,POWLETT STREET,SIMPSON STREET,21580,2021-08-02 22:24:15.486916
228,30001247,CATHEDRAL PLACE,LANSDOWNE STREET,GISBORNE STREET,21851,2021-08-02 22:24:15.486916
229,30001248,CATHEDRAL PLACE,GISBORNE STREET,LANSDOWNE STREET,21851,2021-08-02 22:24:15.486916
230,30001249,SPENCER STREET,FLINDERS STREET,SPENCER STREET BRIDGE,22174,2021-08-02 22:24:15.486916
231,30001250,CLARENDON STREET,GIPPS STREET,GREY STREET,22622,2021-08-02 22:24:15.486916
232,30001250,CLARENDON STREET,WELLINGTON PARADE,GEORGE STREET,21937,2021-08-02 22:24:15.486916
233,30001250,CLARENDON STREET,HOTHAM STREET,GEORGE STREET,21932,2021-08-02 22:24:15.486916
234,30001250,CLARENDON STREET,HOTHAM STREET,GIPPS STREET,21902,2021-08-02 22:24:15.486916
235,30001250,CLARENDON STREET,GREY STREET,ALBERT STREET,21860,2021-08-02 22:24:15.486916
236,30001251,EADES STREET,VICTORIA PARADE,ALBERT STREET,20897,2021-08-02 22:24:15.486916
237,30001252,EVELYN PLACE,NICHOLSON STREET,ALBERT STREET,21561,2021-08-02 22:24:15.486916
238,30001253,GISBORNE STREET,CATHEDRAL PLACE,ALBERT STREET,21849,2021-08-02 22:24:15.486916
239,30001254,GISBORNE STREET,VICTORIA PARADE,ALBERT STREET,20895,2021-08-02 22:24:15.486916
240,30001255,GREY STREET,SIMPSON STREET,POWLETT STREET,21866,2021-08-02 22:24:15.486916
241,30001256,LANSDOWNE STREET,ST ANDREWS PLACE,CATHEDRAL PLACE,21857,2021-08-02 22:24:15.486916
242,30001257,LANSDOWNE STREET,CATHEDRAL PLACE,ALBERT STREET,21850,2021-08-02 22:24:15.486916
243,30001258,LANSDOWNE STREET,VICTORIA PARADE,ALBERT STREET,20896,2021-08-02 22:24:15.486916
244,30001259,LANSDOWNE STREET,CATHEDRAL PLACE,ST ANDREWS PLACE,21857,2021-08-02 22:24:15.486916
245,30001260,LANSDOWNE STREET,ALBERT STREET,VICTORIA PARADE,20896,2021-08-02 22:24:15.486916
246,30001256,LANSDOWNE STREET,WELLINGTON PARADE,ST ANDREWS PLACE,21859,2021-08-02 22:24:15.486916
247,30001262,LANSDOWNE STREET,ST ANDREWS PLACE,WELLINGTON PARADE,21859,2021-08-02 22:24:15.486916
248,30001263,LANSDOWNE STREET,CATHEDRAL PLACE,ST ANDREWS PLACE,21850,2021-08-02 22:24:15.486916
249,30001264,LANSDOWNE STREET,ST ANDREWS PLACE,WELLINGTON PARADE,21859,2021-08-02 22:24:15.486916
250,30001265,NICHOLSON STREET,SPRING STREET,ALBERT STREET,21553,2021-08-02 22:24:15.486916
251,30001266,NICHOLSON STREET,ALBERT STREET,VICTORIA STREET,21554,2021-08-02 22:24:15.486916
252,30001268,NICHOLSON STREET,VICTORIA STREET,ALBERT STREET,21554,2021-08-02 22:24:15.486916
253,30001269,PARLIAMENT PLACE,ST ANDREWS PLACE,GISBORNE STREET,21852,2021-08-02 22:24:15.486916
254,30001270,POWLETT STREET,GREY STREET,ALBERT STREET,21863,2021-08-02 22:24:15.486916
255,30001271,SIMPSON STREET,GREY STREET,ALBERT STREET,21867,2021-08-02 22:24:15.486916
256,30001272,SPRING STREET,FLINDERS STREET,FLINDERS LANE,20196,2021-08-02 22:24:15.486916
257,30001278,ST ANDREWS PLACE,LANSDOWNE STREET,MACARTHUR STREET,21855,2021-08-02 22:24:15.486916
258,30001279,ST ANDREWS PLACE,MACARTHUR STREET,LANSDOWNE STREET,21855,2021-08-02 22:24:15.486916
259,30001280,ST ANDREWS PLACE,MACARTHUR STREET,LANSDOWNE STREET,21855,2021-08-02 22:24:15.486916
260,30001282,BRENTANI WAY,VILLAGE STREET,GEORGIANA STREET,22895,2021-08-02 22:24:15.486916
261,30001284,VICTORIA PARADE,NICHOLSON STREET,GISBORNE STREET,21560,2021-08-02 22:24:15.486916
262,30001285,VICTORIA PARADE,GISBORNE STREET,NICHOLSON STREET,21560,2021-08-02 22:24:15.486916
263,30001286,VICTORIA PARADE,CLARENDON STREET,EADES STREET,21594,2021-08-02 22:24:15.486916
264,30001287,VICTORIA PARADE,HODDLE STREET,SIMPSON STREET,22000,2021-08-02 22:24:15.486916
265,30001288,VICTORIA PARADE,MORRISON PLACE,LANSDOWNE STREET,21566,2021-08-02 22:24:15.486916
266,30001289,VICTORIA PARADE,EADES STREET,LANSDOWNE STREET,21595,2021-08-02 22:24:15.486916
267,30001290,VICTORIA PARADE,NICHOLSON STREET,SPRING STREET,21596,2021-08-02 22:24:15.486916
268,30001296,VICTORIA PARADE,LANSDOWNE STREET,EADES STREET,21595,2021-08-02 22:24:15.486916
269,30001297,VICTORIA PARADE,SPRING STREET,NICHOLSON STREET,21596,2021-08-02 22:24:15.486916
270,30001298,WELLINGTON PARADE,CLARENDON STREET,JOLIMONT ROAD,21963,2021-08-02 22:24:15.486916
271,30001299,WELLINGTON PARADE,LANSDOWNE STREET,SPRING STREET,21967,2021-08-02 22:24:15.486916
272,30001300,WELLINGTON PARADE SOUTH,WELLINGTON CRESCENT,FLINDERS STREET,22630,2021-08-02 22:24:15.486916
273,30001301,WELLINGTON PARADE SOUTH,JOLIMONT ROAD,WELLINGTON CRESCENT,21968,2021-08-02 22:24:15.486916
274,30001302,JOLIMONT TERRACE,WELLINGTON PARADE SOUTH,JOLIMONT STREET,21982,2021-08-02 22:24:15.486916
275,30001303,DALLAS BROOKS DRIVE,BIRDWOOD AVENUE,DOMAIN ROAD,22469,2021-08-02 22:24:15.486916
276,30001304,WELLINGTON PARADE,JOLIMONT ROAD,CLARENDON STREET,21963,2021-08-02 22:24:15.486916
277,30001305,WELLINGTON PARADE SOUTH,AGNES STREET,JOLIMONT ROAD,22631,2021-08-02 22:24:15.486916
278,30001306,A'BECKETT STREET,ELIZABETH STREET,QUEEN STREET,21649,2021-08-02 22:24:15.486916
279,30001307,A'BECKETT STREET,QUEEN STREET,ELIZABETH STREET,21649,2021-08-02 22:24:15.486916
280,30001308,A'BECKETT STREET,WILLS STREET,QUEEN STREET,21524,2021-08-02 22:24:15.486916
281,30001309,A'BECKETT STREET,QUEEN STREET,ELIZABETH STREET,21649,2021-08-02 22:24:15.486916
282,30001310,A'BECKETT STREET,WILLS STREET,WILLIAM STREET,22653,2021-08-02 22:24:15.486916
283,30001311,A'BECKETT STREET,QUEEN STREET,WILLIAM STREET,16000,2021-08-02 22:24:15.486916
284,30001312,A'BECKETT STREET,ELIZABETH STREET,SWANSTON STREET,21643,2021-08-02 22:24:15.486916
285,30001313,A'BECKETT STREET,SWANSTON STREET,ELIZABETH STREET,21643,2021-08-02 22:24:15.486916
286,30001314,ELIZABETH STREET,FRANKLIN STREET,THERRY STREET,21631,2021-08-02 22:24:15.486916
287,30001315,A'BECKETT STREET,SWANSTON STREET,ELIZABETH STREET,21643,2021-08-02 22:24:15.486916
288,30001316,ALEXANDRA AVENUE,SWAN STREET BRIDGE,ANDERSON STREET,22492,2021-08-02 22:24:15.486916
289,30001317,ALEXANDRA AVENUE,ANDERSON STREET,SWAN STREET BRIDGE,22492,2021-08-02 22:24:15.486916
290,30001318,BERKELEY STREET,PELHAM STREET,GRATTAN STREET,20474,2021-08-02 22:24:15.486916
291,30001319,BERKELEY STREET,LEICESTER STREET,QUEENSBERRY STREET,20456,2021-08-02 22:24:15.486916
292,30001320,BERKELEY STREET,GRATTAN STREET,PELHAM STREET,20474,2021-08-02 22:24:15.486916
293,30001322,BIRDWOOD AVENUE,DOMAIN ROAD,DALLAS BROOKS DRIVE,22706,2021-08-02 22:24:15.486916
294,30001323,BIRDWOOD AVENUE,DALLAS BROOKS DRIVE,DOMAIN ROAD,22706,2021-08-02 22:24:15.486916
295,30001324,BIRDWOOD AVENUE,DALLAS BROOKS DRIVE,ANZAC AVENUE,22198,2021-08-02 22:24:15.486916
296,30001325,BIRDWOOD AVENUE,ANZAC AVENUE,DALLAS BROOKS DRIVE,22198,2021-08-02 22:24:15.486916
297,30001326,BIRDWOOD AVENUE,DOMAIN ROAD,DALLAS BROOKS DRIVE,22706,2021-08-02 22:24:15.486916
298,30001327,BIRDWOOD AVENUE,DALLAS BROOKS DRIVE,DOMAIN ROAD,22706,2021-08-02 22:24:15.486916
299,30001328,BIRDWOOD AVENUE,DALLAS BROOKS DRIVE,ANZAC AVENUE,22198,2021-08-02 22:24:15.486916
300,30001329,BIRDWOOD AVENUE,ANZAC AVENUE,DALLAS BROOKS DRIVE,22198,2021-08-02 22:24:15.486916
301,30001330,BOATHOUSE DRIVE,ALEXANDRA AVENUE,ST KILDA ROAD,22188,2021-08-02 22:24:15.486916
302,30001331,BOND STREET,FLINDERS STREET,FLINDERS LANE,20394,2021-08-02 22:24:15.486916
303,30001332,BOURKE STREET,QUEEN STREET,WILLIAM STREET,20086,2021-08-02 22:24:15.486916
304,30001333,BOURKE STREET,EXHIBITION STREET,RUSSELL STREET,20078,2021-08-02 22:24:15.486916
305,30001334,BOURKE STREET,RUSSELL STREET,EXHIBITION STREET,20078,2021-08-02 22:24:15.486916
306,30001335,BOURKE STREET,KING STREET,SPENCER STREET,20090,2021-08-02 22:24:15.486916
307,30001336,BOURKE STREET,KING STREET,WILLIAM STREET,20088,2021-08-02 22:24:15.486916
308,30001337,BOURKE STREET,SPENCER STREET,KING STREET,20090,2021-08-02 22:24:15.486916
309,30001338,BOURKE STREET,WILLIAM STREET,QUEEN STREET,20086,2021-08-02 22:24:15.486916
310,30001339,BOURKE STREET,WILLIAM STREET,QUEEN STREET,20086,2021-08-02 22:24:15.486916
311,30001341,FLINDERS LANE,ELIZABETH STREET,QUEEN STREET,20129,2021-08-02 22:24:15.486916
312,30001342,BOURKE STREET,SPENCER STREET,KING STREET,20090,2021-08-02 22:24:15.486916
313,30001343,BOURKE STREET,SPRING STREET,EXHIBITION STREET,20065,2021-08-02 22:24:15.486916
314,30001344,BOURKE STREET,EXHIBITION STREET,SPRING STREET,20065,2021-08-02 22:24:15.486916
315,30001345,BOURKE STREET,WILLIAM STREET,KING STREET,20088,2021-08-02 22:24:15.486916
316,30001346,BOURKE STREET,KING STREET,WILLIAM STREET,20088,2021-08-02 22:24:15.486916
317,30001347,BOURKE STREET,ELIZABETH STREET,SWANSTON STREET,20082,2021-08-02 22:24:15.486916
318,30001348,BROMBY STREET,DOMAIN STREET,ST KILDA ROAD,15515,2021-08-02 22:24:15.486916
319,30001351,COLLINS STREET,ELIZABETH STREET,QUEEN STREET,20114,2021-08-02 22:24:15.486916
320,30001352,COLLINS STREET,KING STREET,SPENCER STREET,20120,2021-08-02 22:24:15.486916
321,30001353,COLLINS STREET,WILLIAM STREET,KING STREET,20118,2021-08-02 22:24:15.486916
322,30001355,COLLINS STREET,QUEEN STREET,MARKET STREET,20116,2021-08-02 22:24:15.486916
323,30001356,COLLINS STREET,RUSSELL STREET,SWANSTON STREET,20110,2021-08-02 22:24:15.486916
324,30001357,COLLINS STREET,SWANSTON STREET,RUSSELL STREET,20110,2021-08-02 22:24:15.486916
325,30001358,COLLINS STREET,RUSSELL STREET,EXHIBITION STREET,20108,2021-08-02 22:24:15.486916
326,30001359,COLLINS STREET,SWANSTON STREET,ELIZABETH STREET,20112,2021-08-02 22:24:15.486916
327,30001360,COLLINS STREET,SPRING STREET,EXHIBITION STREET,20106,2021-08-02 22:24:15.486916
328,30001361,COLLINS STREET,SWANSTON STREET,RUSSELL STREET,20110,2021-08-02 22:24:15.486916
329,30001364,COMMERCIAL ROAD,PUNT ROAD,ST KILDA ROAD,22308,2021-08-02 22:24:15.486916
330,30001365,COMMERCIAL ROAD,PUNT ROAD,ST KILDA ROAD,22308,2021-08-02 22:24:15.486916
331,30001366,COMMERCIAL ROAD,PUNT ROAD,ST KILDA ROAD,22308,2021-08-02 22:24:15.486916
332,30001367,COMMERCIAL ROAD,ST KILDA ROAD,PUNT ROAD,22308,2021-08-02 22:24:15.486916
333,30001368,COMMERCIAL ROAD,ST KILDA ROAD,PUNT ROAD,22308,2021-08-02 22:24:15.486916
334,30001369,DALLAS BROOKS DRIVE,DOMAIN ROAD,BIRDWOOD AVENUE,22469,2021-08-02 22:24:15.486916
335,30001370,DOMAIN ROAD,DALLAS BROOKS DRIVE,DOMAIN STREET,22223,2021-08-02 22:24:15.486916
336,30001371,DOMAIN ROAD,DOMAIN STREET,HOPE STREET,22225,2021-08-02 22:24:15.486916
337,30001372,DOMAIN ROAD,DALLAS BROOKS DRIVE,ST KILDA ROAD,22708,2021-08-02 22:24:15.486916
338,30001373,DOMAIN ROAD,DOMAIN STREET,DALLAS BROOKS DRIVE,22223,2021-08-02 22:24:15.486916
339,30001374,DOMAIN ROAD,ST KILDA ROAD,DALLAS BROOKS DRIVE,22708,2021-08-02 22:24:15.486916
340,30001375,DOMAIN ROAD,DOMAIN STREET,DALLAS BROOKS DRIVE,22223,2021-08-02 22:24:15.486916
341,30001376,DOMAIN ROAD,ST KILDA ROAD,DALLAS BROOKS DRIVE,22708,2021-08-02 22:24:15.486916
342,30001377,DOWNIE STREET,FLINDERS STREET,FLINDERS LANE,20431,2021-08-02 22:24:15.486916
343,30001378,DOWNIE STREET,FLINDERS LANE,FLINDERS STREET,20431,2021-08-02 22:24:15.486916
344,30001381,ELIZABETH STREET,FLINDERS LANE,COLLINS STREET,20163,2021-08-02 22:24:15.486916
345,30001382,ELIZABETH STREET,FLINDERS LANE,FLINDERS STREET,20162,2021-08-02 22:24:15.486916
346,30001383,ELIZABETH STREET,FRANKLIN STREET,THERRY STREET,21631,2021-08-02 22:24:15.486916
347,30001384,ELIZABETH STREET,FRANKLIN STREET,A'BECKETT STREET,21639,2021-08-02 22:24:15.486916
348,30001385,ELIZABETH STREET,THERRY STREET,VICTORIA STREET,21628,2021-08-02 22:24:15.486916
349,30001386,ELIZABETH STREET,GRATTAN STREET,FLEMINGTON ROAD,21551,2021-08-02 22:24:15.486916
350,30001393,ELIZABETH STREET,PELHAM STREET,QUEENSBERRY STREET,21115,2021-08-02 22:24:15.486916
351,30001394,ELIZABETH STREET,VICTORIA STREET,QUEENSBERRY STREET,21113,2021-08-02 22:24:15.486916
352,30001401,EXHIBITION STREET,FLINDERS LANE,COLLINS STREET,20139,2021-08-02 22:24:15.486916
353,30001402,EXHIBITION STREET,COLLINS STREET,FLINDERS LANE,20139,2021-08-02 22:24:15.486916
354,30001403,EXHIBITION STREET,FLINDERS LANE,COLLINS STREET,20139,2021-08-02 22:24:15.486916
355,30001404,EXHIBITION STREET,FLINDERS LANE,FLINDERS STREET,20138,2021-08-02 22:24:15.486916
356,30001408,EXHIBITION STREET,LA TROBE STREET,VICTORIA STREET,21600,2021-08-02 22:24:15.486916
357,30001417,BOURKE STREET,QUEEN STREET,WILLIAM STREET,20086,2021-08-02 22:24:15.486916
358,30001418,FLINDERS LANE,ELIZABETH STREET,QUEEN STREET,20129,2021-08-02 22:24:15.486916
359,30001419,FLINDERS LANE,QUEEN STREET,ELIZABETH STREET,20129,2021-08-02 22:24:15.486916
360,30001420,FLINDERS LANE,ELIZABETH STREET,QUEEN STREET,20129,2021-08-02 22:24:15.486916
361,30001421,FLINDERS LANE,KING STREET,SPENCER STREET,20137,2021-08-02 22:24:15.486916
362,30001422,FLINDERS LANE,KING STREET,SPENCER STREET,20137,2021-08-02 22:24:15.486916
363,30001424,FLINDERS LANE,KING STREET,WILLIAM STREET,20135,2021-08-02 22:24:15.486916
364,30001425,FLINDERS LANE,WILLIAM STREET,KING STREET,20135,2021-08-02 22:24:15.486916
365,30001426,FLINDERS LANE,MARKET STREET,WILLIAM STREET,20133,2021-08-02 22:24:15.486916
366,30001427,FLINDERS LANE,WILLIAM STREET,MARKET STREET,20133,2021-08-02 22:24:15.486916
367,30001429,FLINDERS LANE,QUEEN STREET,MARKET STREET,20131,2021-08-02 22:24:15.486916
368,30001430,FLINDERS LANE,QUEEN STREET,WILLIAM STREET,15001,2021-08-02 22:24:15.486916
369,30001431,FLINDERS LANE,SPRING STREET,EXHIBITION STREET,20121,2021-08-02 22:24:15.486916
370,30001432,FLINDERS LANE,WILLIAM STREET,KING STREET,20135,2021-08-02 22:24:15.486916
371,30001433,FLINDERS STREET,SPENCER STREET,KING STREET,20224,2021-08-02 22:24:15.486916
372,30001434,FLINDERS STREET,ELIZABETH STREET,QUEEN STREET,20216,2021-08-02 22:24:15.486916
373,30001435,FLINDERS STREET,QUEEN STREET,ELIZABETH STREET,20216,2021-08-02 22:24:15.486916
374,30001436,FLINDERS STREET,EXHIBITION STREET,RUSSELL STREET,20210,2021-08-02 22:24:15.486916
375,30001437,FLINDERS STREET,EXHIBITION STREET,SPRING STREET,20208,2021-08-02 22:24:15.486916
376,30001438,FLINDERS STREET,KING STREET,SPENCER STREET,20224,2021-08-02 22:24:15.486916
377,30001439,FLINDERS STREET,SPENCER STREET,KING STREET,20224,2021-08-02 22:24:15.486916
378,30001440,FLINDERS STREET,SPENCER STREET,KING STREET,20224,2021-08-02 22:24:15.486916
379,30001441,FLINDERS STREET,SPRING STREET,EXHIBITION STREET,20208,2021-08-02 22:24:15.486916
380,30001442,FRANCIS STREET,KING STREET,SPENCER STREET,20433,2021-08-02 22:24:15.486916
381,30001443,FRANCIS STREET,SPENCER STREET,KING STREET,20433,2021-08-02 22:24:15.486916
382,30001444,FRANCIS STREET,KING STREET,SPENCER STREET,20433,2021-08-02 22:24:15.486916
383,30001445,FRANCIS STREET,SPENCER STREET,KING STREET,20433,2021-08-02 22:24:15.486916
384,30001446,FRANCIS STREET,KING STREET,SPENCER STREET,20433,2021-08-02 22:24:15.486916
385,30001447,GRATTAN STREET,FLEMINGTON ROAD,ELIZABETH STREET,21552,2021-08-02 22:24:15.486916
386,30001448,FRANKLIN STREET,ELIZABETH STREET,QUEEN STREET,21634,2021-08-02 22:24:15.486916
387,30001449,FRANKLIN STREET,QUEEN STREET,ELIZABETH STREET,21634,2021-08-02 22:24:15.486916
388,30001453,FRANKLIN STREET,SWANSTON STREET,ELIZABETH STREET,21633,2021-08-02 22:24:15.486916
389,30001454,FRANKLIN STREET,SWANSTON STREET,VICTORIA STREET,21622,2021-08-02 22:24:15.486916
390,30001455,FRANKLIN STREET,SWANSTON STREET,ELIZABETH STREET,21633,2021-08-02 22:24:15.486916
391,30001456,FRANKLIN STREET,ELIZABETH STREET,SWANSTON STREET,21633,2021-08-02 22:24:15.486916
392,30001457,FRANKLIN STREET,SWANSTON STREET,ELIZABETH STREET,21633,2021-08-02 22:24:15.486916
393,30001458,FRANKLIN STREET,SWANSTON STREET,ELIZABETH STREET,21633,2021-08-02 22:24:15.486916
394,30001460,FRANKLIN STREET,SWANSTON STREET,ELIZABETH STREET,21633,2021-08-02 22:24:15.486916
395,30001461,ELIZABETH STREET,FRANKLIN STREET,A'BECKETT STREET,21639,2021-08-02 22:24:15.486916
396,30001462,FRANKLIN STREET,VICTORIA STREET,SWANSTON STREET,21622,2021-08-02 22:24:15.486916
397,30001463,FRANKLIN STREET,VICTORIA STREET,SWANSTON STREET,21622,2021-08-02 22:24:15.486916
398,30001464,FRANKLIN STREET,VICTORIA STREET,SWANSTON STREET,21622,2021-08-02 22:24:15.486916
399,30001465,FRANKLIN STREET,WILLIAM STREET,QUEEN STREET,21527,2021-08-02 22:24:15.486916
400,30001466,GOVERNMENT HOUSE DRIVE,ST KILDA ROAD,BIRDWOOD AVENUE,22196,2021-08-02 22:24:15.486916
401,30001467,GRATTAN STREET,BERKELEY STREET,ROYAL PARADE,20851,2021-08-02 22:24:15.486916
402,30001468,HIGH STREET,ST KILDA ROAD,PUNT ROAD,22479,2021-08-02 22:24:15.486916
403,30001469,HIGH STREET,PUNT ROAD,ST KILDA ROAD,22479,2021-08-02 22:24:15.486916
404,30001474,KING STREET,COLLINS STREET,FLINDERS LANE,20189,2021-08-02 22:24:15.486916
405,30001476,KING STREET,COLLINS STREET,FLINDERS LANE,20189,2021-08-02 22:24:15.486916
406,30001478,KING STREET,FLINDERS LANE,COLLINS STREET,20189,2021-08-02 22:24:15.486916
407,30001479,KING STREET,FLINDERS STREET,FLINDERS LANE,20188,2021-08-02 22:24:15.486916
408,30001492,LA TROBE STREET,ELIZABETH STREET,QUEEN STREET,20024,2021-08-02 22:24:15.486916
409,30001493,LA TROBE STREET,QUEEN STREET,ELIZABETH STREET,20024,2021-08-02 22:24:15.486916
410,30001495,LA TROBE STREET,ELIZABETH STREET,SWANSTON STREET,20022,2021-08-02 22:24:15.486916
411,30001496,LA TROBE STREET,EXHIBITION STREET,RUSSELL STREET,20018,2021-08-02 22:24:15.486916
412,30001497,LA TROBE STREET,RUSSELL STREET,EXHIBITION STREET,20018,2021-08-02 22:24:15.486916
413,30001498,LA TROBE STREET,KING STREET,SPENCER STREET,20030,2021-08-02 22:24:15.486916
414,30001499,LA TROBE STREET,QUEEN STREET,WILLIAM STREET,15003,2021-08-02 22:24:15.486916
415,30001500,LA TROBE STREET,QUEEN STREET,WILLS STREET,20026,2021-08-02 22:24:15.486916
416,30001501,LA TROBE STREET,RUSSELL STREET,SWANSTON STREET,20020,2021-08-02 22:24:15.486916
417,30001502,LA TROBE STREET,RUSSELL STREET,EXHIBITION STREET,20018,2021-08-02 22:24:15.486916
418,30001504,LA TROBE STREET,WILLIAM STREET,QUEEN STREET,15003,2021-08-02 22:24:15.486916
419,30001505,LA TROBE STREET,EXHIBITION STREET ,SPRING STREET ,15002,2021-08-02 22:24:15.486916
420,30001506,LA TROBE STREET,SPENCER STREET,KING STREET,20030,2021-08-02 22:24:15.486916
421,30001507,LA TROBE STREET,QUEEN STREET,WILLS STREET,20026,2021-08-02 22:24:15.486916
422,30001508,LA TROBE STREET,SWANSTON STREET,RUSSELL STREET,20020,2021-08-02 22:24:15.486916
423,30001509,LA TROBE STREET,VICTORIA STREET,EXHIBITION STREET,20016,2021-08-02 22:24:15.486916
424,30001511,LA TROBE STREET,WILLIAM STREET,WILLS STREET,22615,2021-08-02 22:24:15.486916
425,30001511,LA TROBE STREET,WILLS STREET,WILLIAM STREET,22615,2021-08-02 22:24:15.486916
426,30001512,LEICESTER STREET,VICTORIA STREET,BERKELEY STREET,20453,2021-08-02 22:24:15.486916
427,30001513,LINLITHGOW AVENUE,ST KILDA ROAD,GOVERNMENT HOUSE DRIVE,22089,2021-08-02 22:24:15.486916
428,30001514,LINLITHGOW AVENUE,ST KILDA ROAD,ALEXANDRA AVENUE,22696,2021-08-02 22:24:15.486916
429,30001520,ELIZABETH STREET,QUEENSBERRY STREET,VICTORIA STREET,21113,2021-08-02 22:24:15.486916
430,30001554,LONSDALE STREET,ELIZABETH STREET,QUEEN STREET,20009,2021-08-02 22:24:15.486916
431,30001555,LONSDALE STREET,EXHIBITION STREET,RUSSELL STREET,20003,2021-08-02 22:24:15.486916
432,30001556,LONSDALE STREET,EXHIBITION STREET,RUSSELL STREET,20003,2021-08-02 22:24:15.486916
433,30001558,LONSDALE STREET,EXHIBITION STREET,RUSSELL STREET,20003,2021-08-02 22:24:15.486916
434,30001562,LONSDALE STREET,QUEEN STREET,WILLIAM STREET,20011,2021-08-02 22:24:15.486916
435,30001566,LONSDALE STREET,QUEEN STREET,WILLIAM STREET,20011,2021-08-02 22:24:15.486916
436,30001567,LONSDALE STREET,QUEEN STREET,WILLIAM STREET,20011,2021-08-02 22:24:15.486916
437,30001568,LONSDALE STREET,RUSSELL STREET,EXHIBITION STREET,20003,2021-08-02 22:24:15.486916
438,30001569,LONSDALE STREET,RUSSELL STREET,SWANSTON STREET,20005,2021-08-02 22:24:15.486916
439,30001570,LONSDALE STREET,SPRING STREET,EXHIBITION STREET,20001,2021-08-02 22:24:15.486916
440,30001571,LONSDALE STREET,SPRING STREET,EXHIBITION STREET,20001,2021-08-02 22:24:15.486916
441,30001572,LONSDALE STREET,SPRING STREET,EXHIBITION STREET,20001,2021-08-02 22:24:15.486916
442,30001573,LONSDALE STREET,SPRING STREET,EXHIBITION STREET,20001,2021-08-02 22:24:15.486916
443,30001574,LONSDALE STREET,WILLIAM STREET,KING STREET,20013,2021-08-02 22:24:15.486916
444,30001575,LONSDALE STREET,WILLIAM STREET,KING STREET,20013,2021-08-02 22:24:15.486916
445,30001576,LONSDALE STREET,WILLIAM STREET,KING STREET,20013,2021-08-02 22:24:15.486916
446,30001577,LONSDALE STREET,KING STREET,WILLIAM STREET,20013,2021-08-02 22:24:15.486916
447,30001578,LONSDALE STREET,SPENCER STREET,KING STREET,20014,2021-08-02 22:24:15.486916
448,30001580,MACKENZIE STREET,RUSSELL STREET,VICTORIA STREET,21609,2021-08-02 22:24:15.486916
449,30001581,MACKENZIE STREET,VICTORIA STREET,RUSSELL STREET,21609,2021-08-02 22:24:15.486916
450,30001582,MARKET STREET,FLINDERS LANE,COLLINS STREET,20180,2021-08-02 22:24:15.486916
451,30001583,MARKET STREET,FLINDERS STREET,FLINDERS LANE,20179,2021-08-02 22:24:15.486916
452,30001584,WILLIAM STREET,A'BECKETT STREET,FRANKLIN STREET,21529,2021-08-02 22:24:15.486916
453,30001585,MOUBRAY STREET,PUNT ROAD,ST KILDA ROAD,22311,2021-08-02 22:24:15.486916
454,30001586,MOUBRAY STREET,PUNT ROAD,ST KILDA ROAD,22311,2021-08-02 22:24:15.486916
455,30001587,MOUBRAY STREET,PUNT ROAD,ST KILDA ROAD,22311,2021-08-02 22:24:15.486916
456,30001588,O'CONNELL STREET,QUEENSBERRY STREET,PEEL STREET,21116,2021-08-02 22:24:15.486916
457,30001589,PELHAM STREET,BERKELEY STREET,ELIZABETH STREET,22502,2021-08-02 22:24:15.486916
458,30001590,PUNT ROAD,COMMERCIAL ROAD,MOUBRAY STREET,22481,2021-08-02 22:24:15.486916
459,30001591,PUNT ROAD,HIGH STREET,MOUBRAY STREET,22480,2021-08-02 22:24:15.486916
460,30001592,PUNT ROAD,MOUBRAY STREET,COMMERCIAL ROAD,22481,2021-08-02 22:24:15.486916
461,30001593,QUEEN STREET,A'BECKETT STREET,FRANKLIN STREET,21636,2021-08-02 22:24:15.486916
462,30001596,QUEEN STREET,FLINDERS LANE,COLLINS STREET,20171,2021-08-02 22:24:15.486916
463,30001597,QUEEN STREET,FLINDERS STREET,FLINDERS LANE,20170,2021-08-02 22:24:15.486916
464,30001598,QUEEN STREET,FLINDERS STREET,FLINDERS LANE,20170,2021-08-02 22:24:15.486916
465,30001599,QUEEN STREET,FLINDERS STREET,FLINDERS LANE,20170,2021-08-02 22:24:15.486916
466,30001600,QUEEN STREET,FRANKLIN STREET,A'BECKETT STREET,21636,2021-08-02 22:24:15.486916
467,30001601,QUEEN STREET,FRANKLIN STREET,THERRY STREET,21630,2021-08-02 22:24:15.486916
468,30001601,QUEEN STREET,VICTORIA STREET,THERRY STREET,23247,2021-08-02 22:24:15.486916
469,30001603,LONSDALE STREET,SWANSTON STREET,ELIZABETH STREET,20007,2021-08-02 22:24:15.486916
470,30001604,QUEEN STREET,LA TROBE STREET,A'BECKETT STREET,21523,2021-08-02 22:24:15.486916
471,30001616,QUEEN STREET,THERRY STREET,VICTORIA STREET,23247,2021-08-02 22:24:15.486916
472,30001617,QUEEN STREET,THERRY STREET,VICTORIA STREET,23247,2021-08-02 22:24:15.486916
473,30001618,QUEEN STREET,THERRY STREET,VICTORIA STREET,23247,2021-08-02 22:24:15.486916
474,30001621,QUEENSBERRY STREET,BERKELEY STREET,ELIZABETH STREET,20864,2021-08-02 22:24:15.486916
475,30001623,QUEENSBERRY STREET,ELIZABETH STREET,O'CONNELL STREET,20923,2021-08-02 22:24:15.486916
476,30001631,RUSSELL STREET,FLINDERS STREET,FLINDERS LANE,20146,2021-08-02 22:24:15.486916
477,30001632,RUSSELL STREET,MACKENZIE STREET,VICTORIA STREET,21615,2021-08-02 22:24:15.486916
478,30001636,RUSSELL STREET,VICTORIA STREET,LA TROBE STREET,16014,2021-08-02 22:24:15.486916
479,30001641,RUSSELL STREET,MACKENZIE STREET,LA TROBE STREET,21616,2021-08-02 22:24:15.486916
480,30001643,SPENCER STREET,COLLINS STREET,FLINDERS LANE,20069,2021-08-02 22:24:15.486916
481,30001650,ST KILDA ROAD,ALEXANDRA AVENUE,SOUTHBANK BOULEVARD,16510,2021-08-02 22:24:15.486916
482,30001651,ST KILDA ROAD,ANZAC AVENUE,COVENTRY STREET,22704,2021-08-02 22:24:15.486916
483,30001652,ST KILDA ROAD,DORCAS STREET,DOMAIN ROAD,22467,2021-08-02 22:24:15.486916
484,30001653,ST KILDA ROAD,SLATER STREET,ARMADALE STREET,22474,2021-08-02 22:24:15.486916
485,30001654,ST KILDA ROAD,ARMADALE STREET,SLATER STREET,22474,2021-08-02 22:24:15.486916
486,30001655,ST KILDA ROAD,COMMERCIAL ROAD,MOUBRAY STREET,22477,2021-08-02 22:24:15.486916
487,30001656,ST KILDA ROAD,COMMERCIAL ROAD,ARMADALE STREET,22476,2021-08-02 22:24:15.486916
488,30001657,ST KILDA ROAD,COVENTRY STREET,DORCAS STREET,22092,2021-08-02 22:24:15.486916
489,30001658,ST KILDA ROAD,DOMAIN ROAD,BROMBY STREET,22724,2021-08-02 22:24:15.486916
490,30001659,ST KILDA ROAD,DOMAIN ROAD,DORCAS STREET,22467,2021-08-02 22:24:15.486916
491,30001660,ST KILDA ROAD,WADEY STREET,ANZAC AVENUE,22702,2021-08-02 22:24:15.486916
492,30001661,ST KILDA ROAD,GRANT STREET,WADEY STREET,22700,2021-08-02 22:24:15.486916
493,30001662,ST KILDA ROAD,HIGH STREET,MOUBRAY STREET,22478,2021-08-02 22:24:15.486916
494,30001663,ST KILDA ROAD,GRANT STREET,WADEY STREET,22700,2021-08-02 22:24:15.486916
495,30001664,ST KILDA ROAD,MOUBRAY STREET,HIGH STREET,22478,2021-08-02 22:24:15.486916
496,30001665,ST KILDA ROAD,MOUBRAY STREET,COMMERCIAL ROAD,22477,2021-08-02 22:24:15.486916
497,30001666,ST KILDA ROAD,SLATER STREET,ARMADALE STREET,22474,2021-08-02 22:24:15.486916
498,30001667,ST KILDA ROAD,SLATER STREET,TOORAK ROAD,22472,2021-08-02 22:24:15.486916
499,30001668,ST KILDA ROAD,SOUTHBANK BOULEVARD,GRANT STREET,22466,2021-08-02 22:24:15.486916
500,30001669,ST KILDA ROAD,TOORAK ROAD,SLATER STREET,22472,2021-08-02 22:24:15.486916
501,30001670,ST KILDA ROAD,COMMERCIAL ROAD,ARMADALE STREET,22476,2021-08-02 22:24:15.486916
502,30001671,STEWART STREET,A'BECKETT STREET,FRANKLIN STREET,21640,2021-08-02 22:24:15.486916
503,30001675,THERRY STREET,ELIZABETH STREET,QUEEN STREET,21629,2021-08-02 22:24:15.486916
504,30001676,THERRY STREET,ELIZABETH STREET,QUEEN STREET,21629,2021-08-02 22:24:15.486916
505,30001677,THERRY STREET,VICTORIA STREET,ELIZABETH STREET,21626,2021-08-02 22:24:15.486916
506,30001678,VICTORIA STREET,BOUVERIE STREET,ELIZABETH STREET,21625,2021-08-02 22:24:15.486916
507,30001679,VICTORIA STREET,ELIZABETH STREET,O'CONNELL STREET,22670,2021-08-02 22:24:15.486916
508,30001680,VICTORIA STREET,CARDIGAN STREET,SWANSTON STREET,21607,2021-08-02 22:24:15.486916
509,30001681,VICTORIA STREET,DRUMMOND STREET,LYGON STREET,21603,2021-08-02 22:24:15.486916
510,30001682,VICTORIA STREET,RATHDOWNE STREET,LA TROBE STREET,21599,2021-08-02 22:24:15.486916
511,30001683,VICTORIA STREET,LYGON STREET,CARDIGAN STREET,21605,2021-08-02 22:24:15.486916
512,30001684,VICTORIA STREET,LYGON STREET,DRUMMOND STREET,21603,2021-08-02 22:24:15.486916
513,30001685,VICTORIA STREET,RATHDOWNE STREET,DRUMMOND STREET,21601,2021-08-02 22:24:15.486916
514,30001686,VICTORIA STREET,SWANSTON STREET,BOUVERIE STREET,21623,2021-08-02 22:24:15.486916
515,30001687,VICTORIA STREET,RATHDOWNE STREET,LA TROBE STREET,21599,2021-08-02 22:24:15.486916
516,30001688,WELLINGTON PARADE SOUTH,WELLINGTON PARADE,JOLIMONT TERRACE,22636,2021-08-02 22:24:15.486916
517,30001690,WILLIAM STREET,A'BECKETT STREET,FRANKLIN STREET,21529,2021-08-02 22:24:15.486916
518,30001694,WILLIAM STREET,FLINDERS LANE,FLINDERS STREET,20178,2021-08-02 22:24:15.486916
519,30001695,WILLIAM STREET,FLINDERS LANE,COLLINS STREET,20181,2021-08-02 22:24:15.486916
520,30001697,WILLIAM STREET,FLINDERS STREET,FLINDERS LANE,20178,2021-08-02 22:24:15.486916
521,30001698,WILLIAM STREET,LA TROBE STREET,A'BECKETT STREET,21519,2021-08-02 22:24:15.486916
522,30001706,WILLS STREET,LA TROBE STREET,A'BECKETT STREET,21521,2021-08-02 22:24:15.486916
523,30001707,BEDFORD STREET,PEEL STREET,COURTNEY STREET,21120,2021-08-02 22:24:15.486916
524,30001708,BLACKWOOD STREET,COURTNEY STREET,FLEMINGTON ROAD,21122,2021-08-02 22:24:15.486916
525,30001709,BLACKWOOD STREET,COURTNEY STREET,FLEMINGTON ROAD,21122,2021-08-02 22:24:15.486916
526,30001710,BLACKWOOD STREET,FLEMINGTON ROAD,COURTNEY STREET,21122,2021-08-02 22:24:15.486916
527,30001711,BLACKWOOD STREET,FLEMINGTON ROAD,COURTNEY STREET,21122,2021-08-02 22:24:15.486916
528,30001712,BLACKWOOD STREET,FLEMINGTON ROAD,COURTNEY STREET,21122,2021-08-02 22:24:15.486916
529,30001713,CAPEL STREET,BEDFORD STREET,COURTNEY STREET,21118,2021-08-02 22:24:15.486916
530,30001714,CAPEL STREET,VICTORIA STREET,QUEENSBERRY STREET,20945,2021-08-02 22:24:15.486916
531,30001715,EXHIBITION STREET,FLINDERS STREET,FLINDERS LANE,20138,2021-08-02 22:24:15.486916
532,30001717,CHETWYND STREET,VICTORIA STREET,QUEENSBERRY STREET,20964,2021-08-02 22:24:15.486916
533,30001720,HARCOURT STREET,FLEMINGTON ROAD,COURTNEY STREET,21180,2021-08-02 22:24:15.486916
534,30001721,COBDEN STREET,PRINCESS STREET,QUEENSBERRY STREET,20939,2021-08-02 22:24:15.486916
535,30001722,CURZON STREET,ELM STREET,QUEENSBERRY STREET,20998,2021-08-02 22:24:15.486916
536,30001723,CURZON STREET OSCP,QUEENSBERRY STREET,VICTORIA STREET,40024,2021-08-02 22:24:15.486916
537,30001724,CURZON STREET OSCP,VICTORIA STREET,QUEENSBERRY STREET,40024,2021-08-02 22:24:15.486916
538,30001725,ERROL STREET,QUEENSBERRY STREET,VICTORIA STREET,20992,2021-08-02 22:24:15.486916
539,30001726,FLEMINGTON ROAD,BLACKWOOD STREET,WRECKYN STREET,21123,2021-08-02 22:24:15.486916
540,30001727,FLEMINGTON ROAD,ELIZABETH STREET,BLACKWOOD STREET,22686,2021-08-02 22:24:15.486916
541,30001728,FLEMINGTON ROAD,VILLIERS STREET,HARCOURT STREET,21182,2021-08-02 22:24:15.486916
542,30001729,HARCOURT STREET,COURTNEY STREET,FLEMINGTON ROAD,21180,2021-08-02 22:24:15.486916
543,30001730,HARCOURT STREET,COURTNEY STREET,FLEMINGTON ROAD,21180,2021-08-02 22:24:15.486916
544,30001731,HOWARD STREET,VICTORIA STREET,QUEENSBERRY STREET,20956,2021-08-02 22:24:15.486916
545,30001734,LEVESON STREET,ARDEN STREET,QUEENSBERRY STREET,21096,2021-08-02 22:24:15.486916
546,30001736,LEVESON STREET,COURTNEY STREET,ARDEN STREET,21146,2021-08-02 22:24:15.486916
547,30001737,LEVESON STREET,QUEENSBERRY STREET,ARDEN STREET,21096,2021-08-02 22:24:15.486916
548,30001738,LEVESON STREET,QUEENSBERRY STREET,VICTORIA STREET,20980,2021-08-02 22:24:15.486916
549,30001739,LEVESON STREET,QUEENSBERRY STREET,VICTORIA STREET,20980,2021-08-02 22:24:15.486916
550,30001740,LEVESON STREET,VICTORIA STREET,QUEENSBERRY STREET,20980,2021-08-02 22:24:15.486916
551,30001741,LEVESON STREET,VICTORIA STREET,QUEENSBERRY STREET,20980,2021-08-02 22:24:15.486916
552,30001742,LEVESON STREET,QUEENSBERRY STREET,VICTORIA STREET,20980,2021-08-02 22:24:15.486916
553,30001743,LEVESON STREET,VICTORIA STREET,QUEENSBERRY STREET,20980,2021-08-02 22:24:15.486916
554,30001744,LEVESON STREET,VICTORIA STREET,QUEENSBERRY STREET,20980,2021-08-02 22:24:15.486916
555,30001745,O'CONNELL STREET,QUEENSBERRY STREET,PEEL STREET,21116,2021-08-02 22:24:15.486916
556,30001746,QUEENSBERRY STREET,CAPEL STREET,HOWARD STREET,20950,2021-08-02 22:24:15.486916
557,30001747,QUEENSBERRY STREET,COBDEN STREET,PEEL STREET,20925,2021-08-02 22:24:15.486916
558,30001748,QUEENSBERRY STREET,ERROL STREET,LEVESON STREET,20990,2021-08-02 22:24:15.486916
559,30001749,THERRY STREET,ELIZABETH STREET,QUEEN STREET,21629,2021-08-02 22:24:15.486916
560,30001750,QUEENSBERRY STREET,COBDEN STREET,PEEL STREET,20925,2021-08-02 22:24:15.486916
561,30001752,VICTORIA STREET,CAPEL STREET,HOWARD STREET,20951,2021-08-02 22:24:15.486916
562,30001753,VICTORIA STREET,CURZON STREET,ERROL STREET,20994,2021-08-02 22:24:15.486916
563,30001754,VILLIERS STREET,COURTNEY STREET,FLEMINGTON ROAD,21141,2021-08-02 22:24:15.486916
564,30001756,VILLIERS STREET,FLEMINGTON ROAD,COURTNEY STREET,21141,2021-08-02 22:24:15.486916
565,30001757,VILLIERS STREET,FLEMINGTON ROAD,COURTNEY STREET,21141,2021-08-02 22:24:15.486916
566,30001759,VILLIERS STREET,COURTNEY STREET,FLEMINGTON ROAD,21141,2021-08-02 22:24:15.486916
567,30001760,VILLIERS STREET,COURTNEY STREET,FLEMINGTON ROAD,21141,2021-08-02 22:24:15.486916
568,30001761,WRECKYN STREET,COURTNEY STREET,FLEMINGTON ROAD,21124,2021-08-02 22:24:15.486916
569,30001762,WRECKYN STREET,COURTNEY STREET,FLEMINGTON ROAD,21124,2021-08-02 22:24:15.486916
570,30001763,WRECKYN STREET,COURTNEY STREET,FLEMINGTON ROAD,21124,2021-08-02 22:24:15.486916
571,30001764,WRECKYN STREET,COURTNEY STREET,FLEMINGTON ROAD,21124,2021-08-02 22:24:15.486916
572,30001765,WRECKYN STREET,COURTNEY STREET,FLEMINGTON ROAD,21124,2021-08-02 22:24:15.486916
573,30001766,WRECKYN STREET,COURTNEY STREET,FLEMINGTON ROAD,21124,2021-08-02 22:24:15.486916
574,30001768,WRECKYN STREET,FLEMINGTON ROAD,COURTNEY STREET,21124,2021-08-02 22:24:15.486916
575,30001770,WRECKYN STREET,FLEMINGTON ROAD,COURTNEY STREET,21124,2021-08-02 22:24:15.486916
576,30001771,WRECKYN STREET,FLEMINGTON ROAD,COURTNEY STREET,21124,2021-08-02 22:24:15.486916
577,30001772,WRECKYN STREET,COURTNEY STREET,FLEMINGTON ROAD,21124,2021-08-02 22:24:15.486916
578,30001775,CEMETERY ROAD WEST,COLLEGE CRESCENT,ROYAL PARADE,22375,2021-08-02 22:24:15.486916
579,30001776,COLLEGE CRESCENT,CEMETERY ROAD WEST,ROYAL PARADE,22599,2021-08-02 22:24:15.486916
580,30001778,COLLEGE CRESCENT,SWANSTON STREET,PRINCES PARK DRIVE,22373,2021-08-02 22:24:15.486916
581,30001781,FLEMINGTON ROAD,MELROSE STREET,DRYBURGH STREET,22425,2021-08-02 22:24:15.486916
582,30001781,FLEMINGTON ROAD,CURRAN STREET,BROUGHAM STREET,21251,2021-08-02 22:24:15.486916
583,30001782,FLEMINGTON ROAD,RACECOURSE ROAD,MELROSE STREET,22590,2021-08-02 22:24:15.486916
584,30001783,FLEMINGTON ROAD,GATEHOUSE STREET,ABBOTSFORD STREET,21257,2021-08-02 22:24:15.486916
585,30001785,FLEMINGTON ROAD,HARKER STREET,MURPHY STREET,22312,2021-08-02 22:24:15.486916
586,30001786,GATEHOUSE STREET,FLEMINGTON ROAD,STORY STREET,22337,2021-08-02 22:24:15.486916
587,30001787,GRATTAN STREET,BOUVERIE STREET,SWANSTON STREET,20847,2021-08-02 22:24:15.486916
588,30001788,GRATTAN STREET,BERKELEY STREET,BARRY STREET,20850,2021-08-02 22:24:15.486916
589,30001788,GRATTAN STREET,LEICESTER STREET,BOUVERIE STREET,20848,2021-08-02 22:24:15.486916
590,30001788,GRATTAN STREET,BERKELEY STREET,ROYAL PARADE,20851,2021-08-02 22:24:15.486916
591,30001789,IEVERS STREET,ROYAL PARADE,THE AVENUE,22384,2021-08-02 22:24:15.486916
592,30001790,LEONARD STREET,ROYAL PARADE,THE AVENUE,22378,2021-08-02 22:24:15.486916
593,30001792,PARK STREET,WEST COBURG TRAMWAY,ROYAL PARADE,22397,2021-08-02 22:24:15.486916
594,30001793,PARK STREET,WEST COBURG TRAMWAY,ROYAL PARADE,22397,2021-08-02 22:24:15.486916
595,30001794,PARK STREET,WEST COBURG TRAMWAY,OAK STREET,22398,2021-08-02 22:24:15.486916
596,30001795,PARK STREET,ROYAL PARADE,WEST COBURG TRAMWAY,22397,2021-08-02 22:24:15.486916
597,30001798,ROYAL PARADE,MACARTHUR ROAD,LEONARD STREET,22434,2021-08-02 22:24:15.486916
598,30001798,ROYAL PARADE,LEONARD STREET,WALKER STREET,22435,2021-08-02 22:24:15.486916
599,30001798,ROYAL PARADE,GATEHOUSE STREET,MACARTHUR ROAD,22438,2021-08-02 22:24:15.486916
600,30001799,ROYAL PARADE,BAYLES STREET,MORRAH STREET,22363,2021-08-02 22:24:15.486916
601,30001799,ROYAL PARADE,BAYLES STREET,DEGRAVES STREET,22605,2021-08-02 22:24:15.486916
602,30001799,ROYAL PARADE,COLLEGE CRESCENT,CEMETERY ROAD,22603,2021-08-02 22:24:15.486916
603,30001799,ROYAL PARADE,GRATTAN STREET,STORY STREET,22514,2021-08-02 22:24:15.486916
604,30001799,ROYAL PARADE,MORRAH STREET,STORY STREET,22608,2021-08-02 22:24:15.486916
605,30001800,ROYAL PARADE,GRATTAN STREET,STORY STREET,22514,2021-08-02 22:24:15.486916
606,30001801,CITY ROAD,CLARENDON STREET,CLARKE STREET,22020,2021-08-02 22:24:15.486916
607,30001802,SWANSTON STREET,COLLEGE CRESCENT,ELGIN STREET,20494,2021-08-02 22:24:15.486916
608,30001803,SWANSTON STREET,GRATTAN STREET,FARADAY STREET,20490,2021-08-02 22:24:15.486916
609,30001804,THE AVENUE,IEVERS STREET,PARK STREET,22392,2021-08-02 22:24:15.486916
610,30001805,THE AVENUE,LEONARD STREET,WALKER STREET,22380,2021-08-02 22:24:15.486916
611,30001806,THE AVENUE,MACARTHUR ROAD,LEONARD STREET,22436,2021-08-02 22:24:15.486916
612,30001807,THE AVENUE,GATEHOUSE STREET,MACARTHUR ROAD,22377,2021-08-02 22:24:15.486916
613,30001808,THE AVENUE,WALKER STREET,IEVERS STREET,22388,2021-08-02 22:24:15.486916
614,30001809,WALKER STREET,ROYAL PARADE,THE AVENUE,22382,2021-08-02 22:24:15.486916
615,30001810,WALKER STREET,ROYAL PARADE,THE AVENUE,22382,2021-08-02 22:24:15.486916
616,30001813,BALSTON STREET,CITY ROAD,KAVANAGH STREET,22046,2021-08-02 22:24:15.486916
617,30001814,BALSTON STREET,CITY ROAD,KAVANAGH STREET,22046,2021-08-02 22:24:15.486916
618,30001815,BALSTON STREET,KAVANAGH STREET,SOUTHERN LINK ROAD,22053,2021-08-02 22:24:15.486916
619,30001816,CITY ROAD,BALSTON STREET,POWER STREET,22050,2021-08-02 22:24:15.486916
620,30001817,CITY ROAD,CLARKE STREET,CLARENDON STREET,22020,2021-08-02 22:24:15.486916
621,30001818,CITY ROAD,KINGS WAY,BALSTON STREET,22048,2021-08-02 22:24:15.486916
622,30001818,CITY ROAD,POWER STREET,BALSTON STREET,22050,2021-08-02 22:24:15.486916
623,30001819,CITY ROAD,POWER STREET,BALSTON STREET,22050,2021-08-02 22:24:15.486916
624,30001820,CITY ROAD,KINGS WAY,CLARKE STREET,22040,2021-08-02 22:24:15.486916
625,30001821,CITY ROAD,KINGS WAY,CLARKE STREET,22040,2021-08-02 22:24:15.486916
626,30001822,CITY ROAD,SOUTHBANK BOULEVARD,SOUTHGATE AVENUE,22063,2021-08-02 22:24:15.486916
627,30001823,CITY ROAD,STURT STREET,SOUTHGATE AVENUE,22066,2021-08-02 22:24:15.486916
628,30001824,CITY ROAD,STURT STREET,SOUTHGATE AVENUE,22066,2021-08-02 22:24:15.486916
629,30001825,CLARKE STREET,CITY ROAD,HAIG STREET,22019,2021-08-02 22:24:15.486916
630,30001826,COVENTRY STREET,DODDS STREET,WELLS STREET,22112,2021-08-02 22:24:15.486916
631,30001827,COVENTRY STREET,ST KILDA ROAD,WELLS STREET,22103,2021-08-02 22:24:15.486916
632,30001828,COVENTRY STREET,ST KILDA ROAD,WELLS STREET,22103,2021-08-02 22:24:15.486916
633,30001829,COVENTRY STREET,ST KILDA ROAD,WELLS STREET,22103,2021-08-02 22:24:15.486916
634,30001830,COVENTRY STREET,ST KILDA ROAD,WELLS STREET,22103,2021-08-02 22:24:15.486916
635,30001831,COVENTRY STREET,STURT STREET,DODDS STREET,22117,2021-08-02 22:24:15.486916
636,30001832,COVENTRY STREET,WELLS STREET,DODDS STREET,22112,2021-08-02 22:24:15.486916
637,30001833,COVENTRY STREET,WELLS STREET,DODDS STREET,22112,2021-08-02 22:24:15.486916
638,30001834,DODDS STREET,COVENTRY STREET,DORCAS STREET,22113,2021-08-02 22:24:15.486916
639,30001835,DODDS STREET,COVENTRY STREET,MILES STREET,22110,2021-08-02 22:24:15.486916
640,30001836,DODDS STREET,MILES STREET,GRANT STREET,22462,2021-08-02 22:24:15.486916
641,30001837,DODDS STREET,GRANT STREET,MILES STREET,22462,2021-08-02 22:24:15.486916
642,30001838,DODDS STREET,MILES STREET,GRANT STREET,22462,2021-08-02 22:24:15.486916
643,30001839,DODDS STREET,SOUTHBANK BOULEVARD,GRANT STREET,22081,2021-08-02 22:24:15.486916
644,30001840,DODDS STREET,SOUTHBANK BOULEVARD,GRANT STREET,22081,2021-08-02 22:24:15.486916
645,30001841,DORCAS STREET,DODDS STREET,WELLS STREET,22096,2021-08-02 22:24:15.486916
646,30001842,DORCAS STREET,KINGS WAY,DODDS STREET,22460,2021-08-02 22:24:15.486916
647,30001843,DORCAS STREET,ST KILDA ROAD,WELLS STREET,22094,2021-08-02 22:24:15.486916
648,30001844,DORCAS STREET,ST KILDA ROAD,WELLS STREET,22094,2021-08-02 22:24:15.486916
649,30001845,DORCAS STREET,ST KILDA ROAD,WELLS STREET,22094,2021-08-02 22:24:15.486916
650,30001846,GRANT STREET,ST KILDA ROAD,WELLS STREET,22082,2021-08-02 22:24:15.486916
651,30001847,GRANT STREET,DODDS STREET,STURT STREET,22826,2021-08-02 22:24:15.486916
652,30001848,HAIG STREET,CLARENDON STREET,WEST GATE FREEWAY,22010,2021-08-02 22:24:15.486916
653,30001849,HAIG STREET,CLARENDON STREET,WEST GATE FREEWAY,22010,2021-08-02 22:24:15.486916
654,30001850,HAIG STREET,CLARENDON STREET,CLARKE STREET,22018,2021-08-02 22:24:15.486916
655,30001851,KAVANAGH STREET,BALSTON STREET,POWER STREET,22051,2021-08-02 22:24:15.486916
656,30001852,KAVANAGH STREET,BALSTON STREET,KINGS WAY,22045,2021-08-02 22:24:15.486916
657,30001853,KAVANAGH STREET,KINGS WAY,BALSTON STREET,22045,2021-08-02 22:24:15.486916
658,30001854,KAVANAGH STREET,POWER STREET,SOUTHBANK BOULEVARD,22077,2021-08-02 22:24:15.486916
659,30001855,KAVANAGH STREET,STURT STREET,SOUTHBANK BOULEVARD,22070,2021-08-02 22:24:15.486916
660,30001856,KAVANAGH STREET,STURT STREET,SOUTHBANK BOULEVARD,22070,2021-08-02 22:24:15.486916
661,30001857,MILES STREET,DODDS STREET,STURT STREET,22108,2021-08-02 22:24:15.486916
662,30001858,MILES STREET,STURT STREET,MOORE STREET,22120,2021-08-02 22:24:15.486916
663,30001859,MILES STREET,STURT STREET,MOORE STREET,22120,2021-08-02 22:24:15.486916
664,30001860,MILES STREET,STURT STREET,DODDS STREET,22108,2021-08-02 22:24:15.486916
665,30001861,MILES STREET,WELLS STREET,DODDS STREET,22107,2021-08-02 22:24:15.486916
666,30001862,MILES STREET,WELLS STREET,DODDS STREET,22107,2021-08-02 22:24:15.486916
667,30001863,MOORE STREET,MILES STREET,KINGS WAY,22461,2021-08-02 22:24:15.486916
668,30001864,MOORE STREET,SOUTHERN LINK ROAD,SOUTHBANK BOULEVARD,22078,2021-08-02 22:24:15.486916
669,30001865,MOORE STREET,SOUTHERN LINK ROAD,SOUTHBANK BOULEVARD,22078,2021-08-02 22:24:15.486916
670,30001866,MOORE STREET,KINGS WAY,MILES STREET,22461,2021-08-02 22:24:15.486916
671,30001867,MOORE STREET,SOUTHBANK BOULEVARD,SOUTHERN LINK ROAD,22078,2021-08-02 22:24:15.486916
672,30001868,MOORE STREET,SOUTHBANK BOULEVARD,SOUTHERN LINK ROAD,22078,2021-08-02 22:24:15.486916
673,30001869,MORAY STREET,WEST GATE FREEWAY,HANCOCK STREET,22036,2021-08-02 22:24:15.486916
674,30001870,QUEENS BRIDGE STREET,QUEENS BRIDGE,POWER STREET,22184,2021-08-02 22:24:15.486916
675,30001871,QUEENS BRIDGE STREET,KINGS WAY,POWER STREET,22182,2021-08-02 22:24:15.486916
676,30001872,QUEENS BRIDGE STREET,KINGS WAY,POWER STREET,22182,2021-08-02 22:24:15.486916
677,30001873,RIVERSIDE QUAY,COOK STREET,SOUTHBANK BOULEVARD,22059,2021-08-02 22:24:15.486916
678,30001874,SOUTHBANK BOULEVARD,KAVANAGH STREET,CITY ROAD,22073,2021-08-02 22:24:15.486916
679,30001875,SOUTHBANK BOULEVARD,KAVANAGH STREET,MOORE STREET,22075,2021-08-02 22:24:15.486916
680,30001876,SOUTHBANK BOULEVARD,MOORE STREET,KAVANAGH STREET,22075,2021-08-02 22:24:15.486916
681,30001877,SOUTHBANK BOULEVARD,STURT STREET,MOORE STREET,22079,2021-08-02 22:24:15.486916
682,30001878,SOUTHBANK BOULEVARD,DODDS STREET,ST KILDA ROAD,16505,2021-08-02 22:24:15.486916
683,30001879,LORIMER STREET,HARTLEY STREET,WEST GATE FREEWAY,22126,2021-08-02 22:24:15.486916
684,30001880,SOUTHGATE AVENUE,CITY ROAD,RIVERSIDE AVENUE,22187,2021-08-02 22:24:15.486916
685,30001881,ST KILDA ROAD,COVENTRY STREET,DORCAS STREET,22092,2021-08-02 22:24:15.486916
686,30001882,ST KILDA ROAD,GRANT STREET,WADEY STREET,22700,2021-08-02 22:24:15.486916
687,30001883,ST KILDA ROAD,ANZAC AVENUE,COVENTRY STREET,22704,2021-08-02 22:24:15.486916
688,30001884,ST KILDA ROAD,COVENTRY STREET,DORCAS STREET,22092,2021-08-02 22:24:15.486916
689,30001885,ST KILDA ROAD,GRANT STREET,WADEY STREET,22700,2021-08-02 22:24:15.486916
690,30001886,ST KILDA ROAD,SOUTHBANK BOULEVARD,GRANT STREET,22466,2021-08-02 22:24:15.486916
691,30001887,ST KILDA ROAD,WADEY STREET,COVENTRY STREET,16509,2021-08-02 22:24:15.486916
692,30001887,ST KILDA ROAD,ANZAC AVENUE,COVENTRY STREET,22704,2021-08-02 22:24:15.486916
693,30001887,ST KILDA ROAD,WADEY STREET,ANZAC AVENUE,22702,2021-08-02 22:24:15.486916
694,30001888,STURT STREET,GRANT STREET,MILES STREET,22767,2021-08-02 22:24:15.486916
695,30001889,STURT STREET,GRANT STREET,SOUTHBANK BOULEVARD,22121,2021-08-02 22:24:15.486916
696,30001890,STURT STREET,CITY ROAD,KAVANAGH STREET,22085,2021-08-02 22:24:15.486916
697,30001891,STURT STREET,KAVANAGH STREET,SOUTHBANK BOULEVARD,22086,2021-08-02 22:24:15.486916
698,30001892,STURT STREET,COVENTRY STREET,MILES STREET,22118,2021-08-02 22:24:15.486916
699,30001893,STURT STREET,MILES STREET,GRANT STREET,22767,2021-08-02 22:24:15.486916
700,30001894,STURT STREET,MILES STREET,SOUTHBANK BOULEVARD,16511,2021-08-02 22:24:15.486916
701,30001895,STURT STREET,MILES STREET,GRANT STREET,22767,2021-08-02 22:24:15.486916
702,30001896,STURT STREET,MILES STREET,COVENTRY STREET,22118,2021-08-02 22:24:15.486916
703,30001897,WADEY STREET,ST KILDA ROAD,WELLS STREET,22090,2021-08-02 22:24:15.486916
704,30001898,WELLS STREET,GRANT STREET,MILES STREET,22106,2021-08-02 22:24:15.486916
705,30001898,WELLS STREET,COVENTRY STREET,MILES STREET,22105,2021-08-02 22:24:15.486916
706,30001899,WELLS STREET,COVENTRY STREET,DORCAS STREET,22098,2021-08-02 22:24:15.486916
707,30001900,WELLS STREET,DORCAS STREET,COVENTRY STREET,22098,2021-08-02 22:24:15.486916
708,30001901,WELLS STREET,DORCAS STREET,COVENTRY STREET,22098,2021-08-02 22:24:15.486916
709,30001902,WELLS STREET,GRANT STREET,MILES STREET,22106,2021-08-02 22:24:15.486916
710,30001903,WELLS STREET,GRANT STREET,MILES STREET,22106,2021-08-02 22:24:15.486916
711,30001904,WELLS STREET,GRANT STREET,MILES STREET,22106,2021-08-02 22:24:15.486916
712,30001905,WHITEMAN STREET,WEST GATE FREEWAY,CLARENDON STREET,22008,2021-08-02 22:24:15.486916
713,30001906,WHITEMAN STREET,KINGS WAY,CLARENDON STREET,22177,2021-08-02 22:24:15.486916
714,30001907,WHITEMAN STREET,QUEENS BRIDGE STREET,KINGS WAY,22562,2021-08-02 22:24:15.486916
715,30001908,WHITEMAN STREET,WEST GATE FREEWAY,CLARENDON STREET,22008,2021-08-02 22:24:15.486916
716,30001909,ALEXANDRA AVENUE,WALSH STREET,ANDERSON STREET,22278,2021-08-02 22:24:15.486916
717,30001909,ALEXANDRA AVENUE,PUNT ROAD,WALSH STREET,22276,2021-08-02 22:24:15.486916
718,30001910,COMMERCIAL ROAD,PUNT ROAD,ST KILDA ROAD,22308,2021-08-02 22:24:15.486916
719,30001911,TOORAK ROAD,ADAMS STREET,ST KILDA ROAD,22209,2021-08-02 22:24:15.486916
720,30001912,TOORAK ROAD,PUNT ROAD,WALSH STREET,22221,2021-08-02 22:24:15.486916
721,30001913,ADDERLEY STREET,JEFFCOTT STREET,BATMAN STREET,21503,2021-08-02 22:24:15.486916
722,30001914,ADDERLEY STREET,LA TROBE STREET,JEFFCOTT STREET,21504,2021-08-02 22:24:15.486916
723,30001915,BATMAN STREET,KING STREET,SPENCER STREET,21516,2021-08-02 22:24:15.486916
724,30001916,ADDERLEY STREET,LA TROBE STREET,JEFFCOTT STREET,21504,2021-08-02 22:24:15.486916
725,30001917,BATMAN STREET,KING STREET,SPENCER STREET,21516,2021-08-02 22:24:15.486916
726,30001918,BATMAN STREET,KING STREET,SPENCER STREET,21516,2021-08-02 22:24:15.486916
727,30001919,BATMAN STREET,SPENCER STREET,ADDERLEY STREET,21494,2021-08-02 22:24:15.486916
728,30001920,BATMAN STREET,SPENCER STREET,ADDERLEY STREET,21494,2021-08-02 22:24:15.486916
729,30001921,BATMAN STREET,SPENCER STREET,ADDERLEY STREET,21494,2021-08-02 22:24:15.486916
730,30001922,CAPEL STREET,VICTORIA STREET,WILLIAM STREET,21392,2021-08-02 22:24:15.486916
731,30001923,CAPEL STREET,WILLIAM STREET,VICTORIA STREET,21392,2021-08-02 22:24:15.486916
732,30001924,CHETWYND STREET,STANLEY STREET,VICTORIA STREET,22661,2021-08-02 22:24:15.486916
733,30001925,DUDLEY STREET,ADDERLEY STREET,SPENCER STREET,21483,2021-08-02 22:24:15.486916
734,30001926,BATMAN STREET,KING STREET,SPENCER STREET,21516,2021-08-02 22:24:15.486916
735,30001927,DUDLEY STREET,KING STREET,SPENCER STREET,21413,2021-08-02 22:24:15.486916
736,30001928,DUDLEY STREET,KING STREET,SPENCER STREET,21413,2021-08-02 22:24:15.486916
737,30001930,DUDLEY STREET,SPENCER STREET,ADDERLEY STREET,21483,2021-08-02 22:24:15.486916
738,30001931,DUDLEY STREET,SPENCER STREET,KING STREET,21413,2021-08-02 22:24:15.486916
739,30001932,DUDLEY STREET,MILTON STREET,KING STREET,21411,2021-08-02 22:24:15.486916
740,30001934,JEFFCOTT STREET,KING STREET,SPENCER STREET,21514,2021-08-02 22:24:15.486916
741,30001935,JEFFCOTT STREET,SPENCER STREET,ADDERLEY STREET,21501,2021-08-02 22:24:15.486916
742,30001936,JEFFCOTT STREET,SPENCER STREET,ADDERLEY STREET,21501,2021-08-02 22:24:15.486916
743,30001937,JEFFCOTT STREET,SPENCER STREET,KING STREET,21514,2021-08-02 22:24:15.486916
744,30001938,JEFFCOTT STREET,SPENCER STREET,KING STREET,21514,2021-08-02 22:24:15.486916
745,30001939,KING STREET,BATMAN STREET,DUDLEY STREET,21518,2021-08-02 22:24:15.486916
746,30001940,KING STREET,JEFFCOTT STREET,LA TROBE STREET,21507,2021-08-02 22:24:15.486916
747,30001941,KING STREET,DUDLEY STREET ,ROSSLYN STREET,16006,2021-08-02 22:24:15.486916
748,30001942,KING STREET,JEFFCOTT STREET,BATMAN STREET,21515,2021-08-02 22:24:15.486916
749,30001943,KING STREET,JEFFCOTT STREET,LA TROBE STREET,21507,2021-08-02 22:24:15.486916
750,30001944,KING STREET,BATMAN STREET,DUDLEY STREET,21518,2021-08-02 22:24:15.486916
751,30001945,KING STREET,ROSSLYN STREET,STANLEY STREET,21427,2021-08-02 22:24:15.486916
752,30001946,KING STREET,STANLEY STREET,RODEN STREET,21375,2021-08-02 22:24:15.486916
753,30001947,LA TROBE STREET,KING STREET,SPENCER STREET,20030,2021-08-02 22:24:15.486916
754,30001948,LA TROBE STREET,KING STREET,WILLIAM STREET,20028,2021-08-02 22:24:15.486916
755,30001949,PEEL STREET,VICTORIA STREET,DUDLEY STREET,22659,2021-08-02 22:24:15.486916
756,30001950,RAILWAY PLACE,ABBOTSFORD STREET,ADDERLEY STREET,21549,2021-08-02 22:24:15.486916
757,30001954,ROSSLYN STREET,ADDERLEY STREET,RAILWAY PLACE,21490,2021-08-02 22:24:15.486916
758,30001956,ROSSLYN STREET,ADDERLEY STREET,RAILWAY PLACE,21490,2021-08-02 22:24:15.486916
759,30001957,ROSSLYN STREET,ADDERLEY STREET,RAILWAY PLACE,21490,2021-08-02 22:24:15.486916
760,30001958,ROSSLYN STREET,ADDERLEY STREET,SPENCER STREET,21479,2021-08-02 22:24:15.486916
761,30001959,ROSSLYN STREET,HOWARD STREET,KING STREET,21388,2021-08-02 22:24:15.486916
762,30001961,ROSSLYN STREET,WILLIAM STREET,HOWARD STREET,21387,2021-08-02 22:24:15.486916
763,30001962,ROSSLYN STREET,KING STREET,SPENCER STREET,21421,2021-08-02 22:24:15.486916
764,30001963,ROSSLYN STREET,HOWARD STREET,KING STREET,21388,2021-08-02 22:24:15.486916
765,30001964,ROSSLYN STREET,SPENCER STREET,ADDERLEY STREET,21479,2021-08-02 22:24:15.486916
766,30001965,ROSSLYN STREET,SPENCER STREET,ADDERLEY STREET,21479,2021-08-02 22:24:15.486916
767,30001966,HOWARD STREET,ROSSLYN STREET,WILLIAM STREET,21382,2021-08-02 22:24:15.486916
768,30001967,ROSSLYN STREET,WILLIAM STREET,HOWARD STREET,21387,2021-08-02 22:24:15.486916
769,30001968,SPENCER STREET,JEFFCOTT STREET,LA TROBE STREET,21506,2021-08-02 22:24:15.486916
770,30001969,SPENCER STREET,BATMAN STREET,JEFFCOTT STREET,21499,2021-08-02 22:24:15.486916
771,30001970,SPENCER STREET,LA TROBE STREET,JEFFCOTT STREET,21506,2021-08-02 22:24:15.486916
772,30001971,SPENCER STREET,JEFFCOTT STREET,BATMAN STREET,21499,2021-08-02 22:24:15.486916
773,30001971,SPENCER STREET,DUDLEY STREET,BATMAN STREET,21486,2021-08-02 22:24:15.486916
774,30001972,STANLEY STREET,KING STREET,SPENCER STREET,21429,2021-08-02 22:24:15.486916
775,30001973,STANLEY STREET,KING STREET,SPENCER STREET,21429,2021-08-02 22:24:15.486916
776,30001974,STANLEY STREET,KING STREET,SPENCER STREET,21429,2021-08-02 22:24:15.486916
777,30001975,STANLEY STREET,KING STREET,SPENCER STREET,21429,2021-08-02 22:24:15.486916
778,30001976,STANLEY STREET,SPENCER STREET,ADDERLEY STREET,21475,2021-08-02 22:24:15.486916
779,30001977,STANLEY STREET,SPENCER STREET,ADDERLEY STREET,21475,2021-08-02 22:24:15.486916
780,30001979,VICTORIA STREET,CAPEL STREET,HOWARD STREET,20951,2021-08-02 22:24:15.486916
781,30001980,VICTORIA STREET,CURZON STREET,ERROL STREET,20994,2021-08-02 22:24:15.486916
782,30001981,VICTORIA STREET OSCP,VICTORIA STREET,RODEN STREET,40023,2021-08-02 22:24:15.486916
783,30001982,VICTORIA STREET OSCP,VICTORIA STREET,RODEN STREET,40023,2021-08-02 22:24:15.486916
784,30001983,VICTORIA STREET,PEEL STREET,CAPEL STREET,20953,2021-08-02 22:24:15.486916
785,30001984,WALSH STREET,KING STREET,MILTON STREET,21405,2021-08-02 22:24:15.486916
786,30001985,WALSH STREET,MILTON STREET,KING STREET,21405,2021-08-02 22:24:15.486916
787,30001986,WILLIAM STREET,DUDLEY STREET,WALSH STREET,21404,2021-08-02 22:24:15.486916
788,30001987,WILLIAM STREET ,VICTORIA STREET,WALSH STREET,16018,2021-08-02 22:24:15.486916
789,30001988,WILLIAM STREET,VICTORIA STREET,ROSSLYN STREET,21384,2021-08-02 22:24:15.486916
790,30001990,WILLIAM STREET,A'BECKETT STREET,FRANKLIN STREET,21529,2021-08-02 22:24:15.486916
791,30001990,WILLIAM STREET,LA TROBE STREET,A'BECKETT STREET,21519,2021-08-02 22:24:15.486916
792,30001991,WILLIAM STREET,ROSSLYN STREET,CAPEL STREET,21385,2021-08-02 22:24:15.486916
793,30001992,WILLIAM STREET,ROSSLYN STREET,VICTORIA STREET,21384,2021-08-02 22:24:15.486916
794,30001993,WILLIAM STREET,FRANKLIN STREET,DUDLEY STREET,21530,2021-08-02 22:24:15.486916
795,30001994,LA TROBE STREET,SPENCER STREET,ADDERLEY STREET,21505,2021-08-02 22:24:15.486916
796,30001995,WILLIAM STREET,CAPEL STREET,ROSSLYN STREET,21385,2021-08-02 22:24:15.486916
797,30001996,WILLIAM STREET,CAPEL STREET,ROSSLYN STREET,21385,2021-08-02 22:24:15.486916
798,30002000,POPLAR ROAD OSCP,POPLAR ROAD,ELLIOTT AVENUE,40021,2021-08-02 22:24:15.486916
799,30002000,ELLIOTT AVENUE OSCP,ELLIOTT AVENUE,POPLAR ROAD,40022,2021-08-02 22:24:15.486916
800,30001674,RUSSELL STREET,LITTLE COLLINS STREET,COLLINS STREET,20148,2021-08-02 22:24:15.486916
801,30001543,LITTLE LONSDALE STREET,KING STREET,SPENCER STREET,20048,2021-08-02 22:24:15.486916
802,30001400,EXHIBITION STREET,LITTLE COLLINS STREET,COLLINS STREET,20140,2021-08-02 22:24:15.486916
803,30001388,ELIZABETH STREET,LITTLE LA TROBE STREET,A'BECKETT STREET,22651,2021-08-02 22:24:15.486916
804,30001594,QUEEN STREET,BOURKE STREET,LITTLE BOURKE STREET,20174,2021-08-02 22:24:15.486916
805,30001534,LITTLE COLLINS STREET,WILLIAM STREET,QUEEN STREET,20101,2021-08-02 22:24:15.486916
806,30001518,LITTLE BOURKE STREET,KING STREET,WILLIAM STREET,20061,2021-08-02 22:24:15.486916
807,30001349,LITTLE LONSDALE STREET,QUEEN STREET,WILLIAM STREET,20044,2021-08-02 22:24:15.486916
808,30001544,LITTLE LONSDALE STREET,QUEEN STREET,ELIZABETH STREET,20042,2021-08-02 22:24:15.486916
809,30001414,EXHIBITION STREET,LITTLE LONSDALE STREET,LA TROBE STREET,20145,2021-08-02 22:24:15.486916
810,30001001,ARGYLE PLACE NORTH,LYGON STREET,CARDIGAN STREET,20752,2021-08-02 22:24:15.486916
811,30001416,EXHIBITION STREET,LITTLE LONSDALE STREET,LONSDALE STREET,20144,2021-08-02 22:24:15.486916
812,30001531,LITTLE COLLINS STREET,SPENCER STREET,KING STREET,20105,2021-08-02 22:24:15.486916
813,30001525,LITTLE COLLINS STREET,ELIZABETH STREET,QUEEN STREET,20099,2021-08-02 22:24:15.486916
814,30001634,RUSSELL STREET,LITTLE BOURKE STREET,LONSDALE STREET,20151,2021-08-02 22:24:15.486916
815,30001637,RUSSELL STREET,LITTLE COLLINS STREET,BOURKE STREET,20149,2021-08-02 22:24:15.486916
816,30001532,LITTLE COLLINS STREET,WILLIAM STREET,KING STREET,20103,2021-08-02 22:24:15.486916
817,30001410,EXHIBITION STREET,LONSDALE STREET,LITTLE BOURKE STREET,20143,2021-08-02 22:24:15.486916
818,30001553,LITTLE LONSDALE STREET,WILLIAM STREET,QUEEN STREET,20044,2021-08-02 22:24:15.486916
819,30001640,RUSSELL STREET,LONSDALE STREET,LITTLE LONSDALE STREET,20152,2021-08-02 22:24:15.486916
820,30001274,SPRING STREET,LITTLE LONSDALE STREET,VICTORIA PARADE,21847,2021-08-02 22:24:15.486916
821,30001395,EXHIBITION STREET,BOURKE STREET,LITTLE BOURKE STREET,20142,2021-08-02 22:24:15.486916
822,30001415,EXHIBITION STREET,LONSDALE STREET,LITTLE LONSDALE STREET,20144,2021-08-02 22:24:15.486916
823,30001609,QUEEN STREET,LITTLE LONSDALE STREET,LA TROBE STREET,20177,2021-08-02 22:24:15.486916
824,30001540,LITTLE LONSDALE STREET,EXHIBITION STREET,RUSSELL STREET,20036,2021-08-02 22:24:15.486916
825,30001610,QUEEN STREET,LITTLE LONSDALE STREET,LA TROBE STREET,20177,2021-08-02 22:24:15.486916
826,30001673,SWANSTON STREET,LITTLE LA TROBE STREET,A'BECKETT STREET,22649,2021-08-02 22:24:15.486916
827,30001537,LITTLE LA TROBE STREET,SWANSTON STREET,ELIZABETH STREET,21644,2021-08-02 22:24:15.486916
828,30001276,SPRING STREET,COLLINS STREET,LITTLE COLLINS STREET,20200,2021-08-02 22:24:15.486916
829,30001273,SPRING STREET,LITTLE BOURKE STREET,LONSDALE STREET,20206,2021-08-02 22:24:15.486916
830,30001485,KING STREET,LITTLE COLLINS STREET,BOURKE STREET,20191,2021-08-02 22:24:15.486916
831,30001380,ELIZABETH STREET,BOURKE STREET,LITTLE COLLINS STREET,20165,2021-08-02 22:24:15.486916
832,30001536,LITTLE BOURKE STREET,KING STREET,WILLIAM STREET,20061,2021-08-02 22:24:15.486916
833,30001225,SPENCER STREET,LONSDALE STREET,LITTLE LONSDALE STREET,20077,2021-08-02 22:24:15.486916
834,30001481,KING STREET,LITTLE BOURKE STREET,LONSDALE STREET,20193,2021-08-02 22:24:15.486916
835,30001363,COLLINS STREET,KING STREET,SPENCER STREET,20120,2021-08-02 22:24:15.486916
836,30001516,LITTLE BOURKE STREET,EXHIBITION STREET,RUSSELL STREET,20051,2021-08-02 22:24:15.486916
837,30001626,RUSSELL STREET,LITTLE COLLINS STREET,BOURKE STREET,20149,2021-08-02 22:24:15.486916
838,30001692,WILLIAM STREET,COLLINS STREET,LITTLE COLLINS STREET,20182,2021-08-02 22:24:15.486916
839,30001627,RUSSELL STREET,COLLINS STREET,LITTLE COLLINS STREET,20148,2021-08-02 22:24:15.486916
840,30001350,CHURCH STREET,LITTLE COLLINS STREET,BOURKE STREET,20416,2021-08-02 22:24:15.486916
841,30001182,ADELA LANE,COLLINS STREET,COLLINS STREET,23342,2021-08-02 22:24:15.486916
842,30001413,EXHIBITION STREET,LITTLE COLLINS STREET,BOURKE STREET,20141,2021-08-02 22:24:15.486916
843,30001180,DOCKLANDS DRIVE,DOCKLANDS DRIVE,WATTLE ROAD,23256,2021-08-02 22:24:15.486916
844,30001515,LITTLE BOURKE STREET,ELIZABETH STREET,QUEEN STREET,20057,2021-08-02 22:24:15.486916
845,30001391,ELIZABETH STREET,LONSDALE STREET,LITTLE LONSDALE STREET,20168,2021-08-02 22:24:15.486916
846,30001484,KING STREET,LITTLE COLLINS STREET,BOURKE STREET,20191,2021-08-02 22:24:15.486916
847,30001595,QUEEN STREET,COLLINS STREET,LITTLE COLLINS STREET,20172,2021-08-02 22:24:15.486916
848,30001521,LITTLE BOURKE STREET,SPENCER STREET,KING STREET,20063,2021-08-02 22:24:15.486916
849,30001488,KING STREET,LITTLE LONSDALE STREET,LA TROBE STREET,20195,2021-08-02 22:24:15.486916
850,30001523,LITTLE BOURKE STREET,SPRING STREET,EXHIBITION STREET,20049,2021-08-02 22:24:15.486916
851,30001645,SPRING STREET,COLLINS STREET,LITTLE COLLINS STREET,20200,2021-08-02 22:24:15.486916
852,30001398,EXHIBITION STREET,BOURKE STREET,LITTLE COLLINS STREET,20141,2021-08-02 22:24:15.486916
853,30001475,KING STREET,COLLINS STREET,LITTLE COLLINS STREET,20190,2021-08-02 22:24:15.486916
854,30001482,KING STREET,LITTLE BOURKE STREET,BOURKE STREET,20192,2021-08-02 22:24:15.486916
855,30001551,LITTLE LONSDALE STREET,SWANSTON STREET,RUSSELL STREET,20038,2021-08-02 22:24:15.486916
856,30001638,RUSSELL STREET,BOURKE STREET,LITTLE COLLINS STREET,20149,2021-08-02 22:24:15.486916
857,30001612,QUEEN STREET,LONSDALE STREET,LITTLE BOURKE STREET,20175,2021-08-02 22:24:15.486916
858,30001542,LITTLE LONSDALE STREET,KING STREET,WILLIAM STREET,20046,2021-08-02 22:24:15.486916
859,30001552,LITTLE LONSDALE STREET,WILLIAM STREET,KING STREET,20046,2021-08-02 22:24:15.486916
860,30001528,LITTLE COLLINS STREET,QUEEN STREET,WILLIAM STREET,20101,2021-08-02 22:24:15.486916
861,30001557,LONSDALE STREET,SWANSTON STREET,RUSSELL STREET,20005,2021-08-02 22:24:15.486916
862,30001491,KING STREET,LITTLE LONSDALE STREET,LONSDALE STREET,20194,2021-08-02 22:24:15.486916
863,30001699,WILLIAM STREET,LA TROBE STREET,LITTLE LONSDALE STREET,20187,2021-08-02 22:24:15.486916
864,30001490,KING STREET,LONSDALE STREET,LITTLE LONSDALE STREET,20194,2021-08-02 22:24:15.486916
865,30001633,RUSSELL STREET,LITTLE BOURKE STREET,LONSDALE STREET,20151,2021-08-02 22:24:15.486916
866,30001510,EXHIBITION STREET,BOURKE STREET,LITTLE COLLINS STREET,20141,2021-08-02 22:24:15.486916
867,30001546,LITTLE LONSDALE STREET,QUEEN STREET,WILLIAM STREET,20044,2021-08-02 22:24:15.486916
868,30001780,RUSSELL STREET,LITTLE LONSDALE STREET,LA TROBE STREET,20153,2021-08-02 22:24:15.486916
869,30001412,EXHIBITION STREET,LITTLE LONSDALE STREET,LONSDALE STREET,20144,2021-08-02 22:24:15.486916
870,30001406,EXHIBITION STREET,LA TROBE STREET,LITTLE LONSDALE STREET,20145,2021-08-02 22:24:15.486916
871,30001702,WILLIAM STREET,LITTLE BOURKE STREET,BOURKE STREET,20184,2021-08-02 22:24:15.486916
872,30001622,KING STREET,LITTLE LONSDALE STREET,LONSDALE STREET,20194,2021-08-02 22:24:15.486916
873,30001392,ELIZABETH STREET,PELHAM STREET,QUEENSBERRY STREET,21115,2021-08-02 22:24:15.486916
874,30001548,LITTLE LONSDALE STREET,SPRING STREET,EXHIBITION STREET,20034,2021-08-02 22:24:15.486916
875,30001541,LITTLE LONSDALE STREET,EXHIBITION STREET,SPRING STREET,20034,2021-08-02 22:24:15.486916
876,30001606,QUEEN STREET,LITTLE BOURKE STREET,LONSDALE STREET,20175,2021-08-02 22:24:15.486916
877,30001486,KING STREET,LITTLE COLLINS STREET,BOURKE STREET,20191,2021-08-02 22:24:15.486916
878,30001549,LITTLE LONSDALE STREET,SPRING STREET,EXHIBITION STREET,20034,2021-08-02 22:24:15.486916
879,30001700,WILLIAM STREET,LITTLE BOURKE STREET,LONSDALE STREET,20185,2021-08-02 22:24:15.486916
880,30001701,WILLIAM STREET,LITTLE BOURKE STREET,LONSDALE STREET,20185,2021-08-02 22:24:15.486916
881,30001379,ELIZABETH STREET,BOURKE STREET,LITTLE BOURKE STREET,20166,2021-08-02 22:24:15.486916
882,30001397,EXHIBITION STREET,BOURKE STREET,LITTLE BOURKE STREET,20142,2021-08-02 22:24:15.486916
883,30001411,EXHIBITION STREET,LONSDALE STREET,LITTLE LONSDALE STREET,20144,2021-08-02 22:24:15.486916
884,30001649,SPRING STREET,LONSDALE STREET,LITTLE LONSDALE STREET,21848,2021-08-02 22:24:15.486916
885,30001693,WILLIAM STREET,COLLINS STREET,LITTLE COLLINS STREET,20182,2021-08-02 22:24:15.486916
886,30001605,QUEEN STREET,LITTLE BOURKE STREET,LONSDALE STREET,20175,2021-08-02 22:24:15.486916
887,30001399,EXHIBITION STREET,COLLINS STREET,LITTLE COLLINS STREET,20140,2021-08-02 22:24:15.486916
888,30001705,WILLIAM STREET,LONSDALE STREET,LITTLE LONSDALE STREET,20186,2021-08-02 22:24:15.486916
889,30001530,LITTLE COLLINS STREET,QUEEN STREET,WILLIAM STREET,20101,2021-08-02 22:24:15.486916
890,30001607,QUEEN STREET,LITTLE COLLINS STREET,BOURKE STREET,20173,2021-08-02 22:24:15.486916
891,30001396,EXHIBITION STREET,LITTLE BOURKE STREET,BOURKE STREET,20142,2021-08-02 22:24:15.486916
892,30001625,RUSSELL STREET,BOURKE STREET,LITTLE BOURKE STREET,20150,2021-08-02 22:24:15.486916
893,30001533,LITTLE COLLINS STREET,SPRING STREET,EXHIBITION STREET,20091,2021-08-02 22:24:15.486916
894,30001644,SPENCER STREET,LITTLE COLLINS STREET,BOURKE STREET,20073,2021-08-02 22:24:15.486916
895,30001704,WILLIAM STREET,LITTLE LONSDALE STREET,LA TROBE STREET,20187,2021-08-02 22:24:15.486916
896,30001647,SPRING STREET,LITTLE BOURKE STREET,LONSDALE STREET,20206,2021-08-02 22:24:15.486916
897,30001550,LITTLE LONSDALE STREET,SWANSTON STREET,RUSSELL STREET,20038,2021-08-02 22:24:15.486916
898,30001545,LITTLE LONSDALE STREET,QUEEN STREET,WILLIAM STREET,20044,2021-08-02 22:24:15.486916
899,30001527,LITTLE LONSDALE STREET,WILLIAM STREET,KING STREET,20046,2021-08-02 22:24:15.486916
900,30001649,SPRING STREET,LITTLE LONSDALE STREET,VICTORIA PARADE,21847,2021-08-02 22:24:15.486916
901,30001613,QUEEN STREET,LONSDALE STREET,LITTLE LONSDALE STREET,20176,2021-08-02 22:24:15.486916
902,30001611,QUEEN STREET,LONSDALE STREET,LITTLE LONSDALE STREET,20176,2021-08-02 22:24:15.486916
903,30001696,WILLIAM STREET,COLLINS STREET,LITTLE COLLINS STREET,20182,2021-08-02 22:24:15.486916
904,30001362,COLLINS STREET,KING STREET,WILLIAM STREET,20118,2021-08-02 22:24:15.486916
905,30001635,RUSSELL STREET,LA TROBE STREET,LITTLE LONSDALE STREET,20153,2021-08-02 22:24:15.486916
906,30001470,KING STREET,BOURKE STREET,LITTLE BOURKE STREET,20192,2021-08-02 22:24:15.486916
907,30001489,KING STREET,LA TROBE STREET,LITTLE LONSDALE STREET,20195,2021-08-02 22:24:15.486916
908,30001646,SPRING STREET,LITTLE BOURKE STREET,BOURKE STREET,20204,2021-08-02 22:24:15.486916
909,30001614,QUEEN STREET,LONSDALE STREET,LITTLE LONSDALE STREET,20176,2021-08-02 22:24:15.486916
910,30001471,KING STREET,LITTLE BOURKE STREET,BOURKE STREET,20192,2021-08-02 22:24:15.486916
911,30001703,WILLIAM STREET,LITTLE LONSDALE STREET,LA TROBE STREET,20187,2021-08-02 22:24:15.486916
912,30001409,EXHIBITION STREET,LITTLE BOURKE STREET,LONSDALE STREET,20143,2021-08-02 22:24:15.486916
913,30001630,RUSSELL STREET,BOURKE STREET,LITTLE COLLINS STREET,20149,2021-08-02 22:24:15.486916
914,30001517,LITTLE BOURKE STREET,KING STREET,SPENCER STREET,20063,2021-08-02 22:24:15.486916
915,30001642,SPENCER STREET,BOURKE STREET,LITTLE BOURKE STREET,20075,2021-08-02 22:24:15.486916
916,30001275,SPRING STREET,LITTLE LONSDALE STREET,LONSDALE STREET,21848,2021-08-02 22:24:15.486916
917,30001529,LITTLE COLLINS STREET,RUSSELL STREET,EXHIBITION STREET,20093,2021-08-02 22:24:15.486916
918,30001390,ELIZABETH STREET,LITTLE LONSDALE STREET,LA TROBE STREET,20169,2021-08-02 22:24:15.486916
919,30001535,LITTLE COLLINS STREET,WILLIAM STREET,KING STREET,20103,2021-08-02 22:24:15.486916
920,30001624,KING STREET,LITTLE LONSDALE STREET,LA TROBE STREET,20195,2021-08-02 22:24:15.486916
921,30001210,LITTLE DOCKLANDS DRIVE,FOOTSCRAY ROAD,WATERFRONT WAY,23226,2021-08-02 22:24:15.486916
922,30001487,KING STREET,LITTLE COLLINS STREET,COLLINS STREET,20190,2021-08-02 22:24:15.486916
923,30001628,RUSSELL STREET,COLLINS STREET,LITTLE COLLINS STREET,20148,2021-08-02 22:24:15.486916
924,30001608,QUEEN STREET,LITTLE COLLINS STREET,BOURKE STREET,20173,2021-08-02 22:24:15.486916
925,30001629,RUSSELL STREET,LITTLE COLLINS STREET,BOURKE STREET,20149,2021-08-02 22:24:15.486916
926,30001639,RUSSELL STREET,LONSDALE STREET,LITTLE LONSDALE STREET,20152,2021-08-02 22:24:15.486916
927,30001689,WILLIAM STREET,BOURKE STREET,LITTLE BOURKE STREET,20184,2021-08-02 22:24:15.486916
928,30001405,EXHIBITION STREET,LITTLE COLLINS STREET,COLLINS STREET,20140,2021-08-02 22:24:15.486916
929,30001538,LITTLE LONSDALE STREET,RUSSELL STREET,SWANSTON STREET,20038,2021-08-02 22:24:15.486916
930,30001691,WILLIAM STREET,COLLINS STREET,LITTLE COLLINS STREET,20182,2021-08-02 22:24:15.486916
931,30001477,KING STREET,COLLINS STREET,LITTLE COLLINS STREET,20190,2021-08-02 22:24:15.486916
932,30001519,LITTLE BOURKE STREET,QUEEN STREET,WILLIAM STREET,20059,2021-08-02 22:24:15.486916
933,30001472,KING STREET,LITTLE COLLINS STREET,BOURKE STREET,20191,2021-08-02 22:24:15.486916
934,30001615,QUEEN STREET,LITTLE LONSDALE STREET,LA TROBE STREET,20177,2021-08-02 22:24:15.486916
